Vessel,Days,horus,1176,1152,1128,1104,1080,1056,1032,1008,984,960,936,912,888,864,840,816,792,768,744,720,696,672,648,624,600,576,552,528,504,480,456,432,408,384,360,336,312,288,264,240,216,192,168,144,120,96,72,48,24,
1:01C,20,480,,,,,,,,,,,,,,,,,,,,,,-0.2,0.5,1.8,2.6,5.2,7.1,9.4,12.1,13.9,17.4,20.1,21,,,,,,,,,,,,,,,,,12
1:01C,45,1080,,,,,,,,,,,,,,,,,,,,,,,,,,,,,,,,,,,,,,,,,,,,,,,-0.5,-0.4,0.7,3
1:02C,14,336,,,,,,,,,,,,,,,,,,,,,,,,,,,,,,,,,,,,,,,,,,,-1.4,-1.3,3.7,-0.3,0.5,2,3.2,7
1:02C,17,408,,,,,,,,,,,,,,,,,,,-1,-0.3,0.2,1.4,3,4.1,5.2,7.7,7.2,,,,,,,,,,,,,,,,,,,,,,,9
1:03C,25,600,,,,,,,,,,,,,,,,,,,,,,,,,,,,,-1.4,-1,-0.2,1.3,2.3,4.7,7.3,10.7,14.5,20.4,20.9,,,,,,,,,,,11
1:03C,8,192,,,,,,,,,,-0.5,-0.1,0.9,2.3,3.9,6,8.4,11.4,15,19.1,20.3,,,,,,,,,,,,,,,,,,,,,,,,,,,,,,11
1:06C,14,336,,,,,,,,,,,,,,,,-1.5,-1,-0.4,0.5,1.6,2.6,3.7,5,7.2,8,10.5,12.3,14,16,17,19.7,22.1,22.4,,,,,,,,,,,,,,,,,18
2:02B,15,360,,,,,,,,,,,,,,,,,-2,-2.1,-1.7,-1.3,-1,-0.3,0.2,1,0.9,2.6,3.4,4.3,5,5.7,6.4,7.6,9.1,10.4,12.1,13.6,14.8,16.2,18.2,20.7,22.3,23.1,,,,,,,,26
2:03C,23,552,,,,,,,,,,,,,,,,,,,,,,,,,,,,,,,,,,,,,,,19.7,21,21.6,,,,,,,,,3
2:04C,14,336,,,,,,,,,,,,,,,,-0.9,-0.3,4.5,5.6,6.5,6.7,9.8,13.6,16.1,14.4,18.9,,,,,,,,,,,,,,,,,,,,,,,,11
2:04C,9,216,,,,,,,,,,,,,,,,,,,,,,,,,,,,,,,20.1,1.9,2.2,3.5,3.9,4.4,5.4,6.6,7,8.1,9.1,10.9,12,14.8,15.6,18.5,19.1,20,20,19
2:09C,38,912,,,,,,,,,,,,,,,,,,,,,,,,,,,,,,,,,,,,12.7,8.3,14.4,16.9,,,,,,,,,,,4
2:09C,23,552,,,,,,,,,,,,,,,,,,,,,,,,,-0.8,-0.4,0.3,0.8,1.9,2.6,4.4,5.2,7.6,8.4,10.5,,,,,,,,,,,,,,,11
3:01B,37,888,,,,,,,,,,,,,,,,,,,,,,,,,,,,,,,,,,,,,,,,,,,2.4,4,5.3,9.4,10.9,16.1,18.5,7
3:01B,23,552,,,,,,,,,,,,,,,,,,,,,,,,,,,,,,,,,,,11.7,13.9,15.5,,,,,,,,,,,,,3
5:01B,15,360,,,,,,,,,,,,,,,,,,,,,,,,,,,-1.3,-1.4,-1,-1,-0.7,-0.1,0.1,0.4,0.6,1.3,2.3,3.3,3.7,4.7,5.7,7.3,8.1,10.1,10.9,13.5,11.8,16.5,18.7,23
5:03B,18,432,,,,,,,,,,,,,,,,,,,,,-1.2,-1,-0.8,-0.3,-0.3,0.2,0.7,1.1,1.5,1.8,2.3,3,3.2,3.9,4.7,5.3,6,7.1,7.3,8.4,9.3,10.8,11.4,13.3,14.2,16.5,17.4,18.8,20.1,29
5:04B,19,456,,,,,,,,,,,,,,,,,,,,,,,,,,,,,,,,,,,,,,,,,,,-1,-0.9,-0.2,1.1,1.6,8.7,3.5,7
5:05C,4,96,,,,,,,,,,,,,,,,,,,,,,,,,,,,,,,,,,,,,,,,,,,3.6,4.9,5.4,7,8.2,10,12.2,7
5:05C,4,96,,,,,-0.9,,,,,,,,,,,,,,,,,,,,,,,,,,,,,,,,,,,,,,,,,,,,,1
5:09C,38,912,,,,,,,,,,,,,,,,,,,,,,,,,,,,,,,,,,,,,,,,-0.4,0,1.6,2.7,5.7,7.1,11.5,13.3,16,17.4,10
5:10C,30,720,,,,,,,,,,,,,,,,,,,,,,,,,,,,,,,,,,,,,,,,,,,0.2,3.5,5.4,12.8,15.3,19.3,21.4,7
5:10C,19,456,,,,,,,,,,,,,,,,,,,,,0.4,0.9,,,,,,,,,,,,,,,,,,,,,,,,,,,,2
5:11C,34,816,,,,0.1,0.4,0.7,0.9,1.1,1.3,1.9,2.1,2.5,2.8,3.3,3.7,4.1,4.6,5.2,5.6,6.1,6.9,7.7,8.4,9.3,9.7,11.2,12.4,13.3,14.2,15.4,16.9,19.8,21.4,21.4,21.4,,,,,,,,,,,,,,,32
5:13D,45,1080,,,,,,,,,,,,,,,,,,,,,,,,,,,,,,,,,,,,,,-0.8,-0.9,-0.7,-0.5,-0.7,-0.3,2.1,12.5,20.5,22.2,23.4,,11
5:14D,43,1032,,,,,,,,,,,,,,,,,,,,,,,,,,,,,,,-1.3,-1.2,-1.2,-1.3,-1.1,-1.2,-0.9,-0.4,1.5,5.6,9.6,19.9,23.3,23.5,,,,,,14
5:15D,21,504,,,,,,,,,,,,,,,,,,,,,,,,-1,-1.1,,-1.1,,,-1.2,-1.1,-1.1,-1.1,-1.1,-0.6,-0.3,2.8,9.2,,,,,,,,,,,,12
5:16D,21,504,,,,,,,,,,,,,,,,,,,,,,,,-1.2,-1.1,,-1.1,,,-1,-0.9,-0.9,-0.9,-0.9,-0.8,-0.7,-0.5,-0.3,0.2,7.3,15.8,22.2,22.6,,,,,,,17
5:18D,44,1056,,,,,,,,,,,,,,,,,,,,,,,,,,,,,,,,,,,-0.9,-0.9,-0.9,-0.9,-0.7,-0.1,1.8,7.9,23.2,23.7,24,,,,,11
5:19D,31,744,,,,,,,,,,,,,,,,,,,,,,,,,,,,,,,,,,,-1.2,-1.1,-1,-0.9,-0.9,-1.1,-0.9,0.1,3.1,15.1,22,,,,,11
7:01B,19,456,,,,-1.2,-1.3,-1.2,-1,-1,-1,-0.6,-0.5,-0.4,-0.2,-0.1,0.2,0.3,0.5,0.6,0.7,,0.9,,,,,,,,,,,,,,,,,,,,,,,,,,,,,17
7:03B,11,264,,,,,,,,,,,,,,,,,,,,,,,-0.6,0.3,0.8,1.7,2.7,3.4,4.5,5.3,6.8,8,9.1,10.5,14.6,16.5,18.4,,,,,,,,,,,,,15
7:04B,32,768,,,,,,,,,,,,,,,,,,,,,,,,,,,,,,,,21.6,22.6,,,,,,,,,,,,,,,,,2
7:07F,30,720,,,,,,,,,,,,,,,,,,,,,,,-0.7,-0.8,-0.8,,0.1,,,8.5,20.1,,,,,,,,,,,,,,,,,,,6
7:07F,0,0,,,,-1.4,,,,,,,,,,,,,,,,,,,,,,,,,,,,,,,,,,,,,,,,,,,,,,1
7:07F,38,912,,,,,,,,,,,,,,,,,,,,,,,,,,,,,,,,,,,,,,,,,,-1,-0.9,0.4,1.9,6.6,13.6,,,6
7:08F,37,888,,,,,,,,,,,,,,,,,,,,,,,,,,,,,,,,,2,8.9,18.4,22.5,23.4,23.4,,,,,,,,,,,,6
7:09F,35,840,,,,,,,,,,,,,,,,,,,,,,,,,-1.4,,,,,1.7,3.3,3.1,5.4,7.8,10.6,15.7,20.8,21.9,21.5,18.7,,,,,,,,,,12
7:10F,33,792,,,,,,,,,,,,,,,,,,,,,,,,,,,,,,-1.3,-1.2,19.3,21.2,22.6,,,,,,,,,,,,,,,,5
7:10F,49,1176,,,,,,,,,,,,,,,,,,,,,,,,,,,,,,,,,,,,,,,,,-1.1,-1,-1,-0.6,1.5,6.4,13.5,,,7
7:11F,42,1008,,,,,,,,,,,,,,,,,,,,,,,,,,,,,,-0.8,-0.7,-0.8,-0.7,-0.7,-0.8,-0.7,-0.4,-0.3,0.3,3.5,8.3,22.8,23,,,,,,,14
7:12F,38,912,,,,,,,,,,,,,,,,,,,,,,,,,,,,,,-1.4,-1,-0.2,1.9,5.5,10.1,16.8,22.1,22.5,19.6,,,,,,,,,,,10
8:02F,30,720,,,,,,,,,,,,,-0.8,,,-0.8,-0.8,-0.3,-0.8,-0.8,,-0.7,-0.6,-0.5,0,,13.6,,,22.9,23,23.6,23.6,,,,,,,,,,,,,,,,,15
8:04F,43,1032,,,,,,,,,,,,,,,,,,,,,,,,,,,,,,,,0.5,-1.2,-1.3,-0.4,-1.1,-0.5,17,5.1,9.9,13,23.5,23.5,23.4,,,,,,13
8:05F,50,1200,,,,,,,,,,,,,,,,,,,,,,,,,,,,,,,,,,,,,,,,-1.2,-1.3,-1,-0.7,0.1,1.9,4.9,8.6,13.5,19.7,10
8:06F,32,768,,,,,,,,,,,,,,,,,,,,,,,,,,,,,,,21.8,22.5,22.7,23,,,,,,,,,,,,,,,,4
8:06F,50,1200,,,,,,,,,,,,,,,,,,,,,,,,,,,,,,,,,,,,,,,,-1.1,-0.9,-0.2,0.3,1.5,3.6,6.4,9.4,13.1,18.2,10
8:06F,18,432,,,,,,,,,-1.1,-1.1,-1,-1,-1,,,-0.5,-0.5,1,6.6,15.8,,,,,,,,,,,,,,,,,,,,,,,,,,,,,,10
8:07F,50,1200,,,,,,,,,,,,,,,,,,,,,,,,,,,,,,,,,,,,,,,,-0.1,0.4,2.3,3.5,5.5,9,12.3,14.4,17.7,21.3,10
8:08F,55,1320,,,,,,,,,,,,,,,,,,,,,,,,,,,,,,,,,,,,,,,,-1.5,-1.5,-1.4,-1.4,-1.4,,-1.2,-1.3,-0.9,,8
8:12F,50,1200,,,,,,,,,,,,,,,,,,,,,,,,,,,,,,,,,-1,-0.9,,,,,,,,,,,,,,,,2
8:16F,21,504,,,,,,,,,,,,,,,,,,,,,,,-1.2,-1.2,-1.2,-0.7,-0.6,-0.2,0.2,0.6,1,1.9,2.7,3.7,4.5,5.2,6.5,7.5,8.6,10,11.4,13.1,15,16.9,17.4,20.6,21.1,,,25
10:02A,22,528,,,,,,,,,,,,,,,,,,,,,,,,,,,,,,,,,,,,,,,,-1,-0.5,0.8,1.1,3.1,3.9,6.7,7.8,9.7,12.3,10
10:03A,22,528,,,,,,,,,,,,,,,,,,,,,,,,-1.2,-1.1,-0.8,-0.1,0.4,1.3,1.5,2.7,3.9,5.4,7.7,9.4,12.1,13.8,16.8,19,21,22,22.1,,,,,,,,19
10:05A,28,672,,,,,,,,,,,,,,,,,,,,,,,,,,,,,,,,,,,,,,,,,,,,,,,,,19.5,1
10:06A,23,552,,,,,,,,,,,,,,,,,,,,,,,,,,,,,,,,,,,-1.6,-1.4,-0.6,0.7,1,2.3,4.1,7.1,7.7,12.3,13.8,18.8,19.9,21.3,21.5,15
10:07A,15,360,,,,,,,,,,,,,,,,,,,,,,,,,,,-1.7,-1.9,-1.9,-1.7,-1.2,-0.6,-0.2,0.1,0.9,1.6,2.2,3.2,3.5,4.6,5.7,7.6,8.1,10.7,11.6,15,16.3,13.8,20.9,23
10:08A,28,672,,,,,,,,,,,,,,,,,,,,,,,,,,,,,,,,,,,,-1.1,-1.1,-0.7,-0.7,0,-0.3,0.5,0.7,1.8,3.1,7.3,8.9,13.8,19.4,14
10:09A,33,792,,,,,,,,,,,,,,,,,,,,,,,,,,,,,,2.8,3,21.9,22.3,22.8,,,,,,,,,,,,,,,,5
10:10B,9,216,,,,,,,,,,,-1.8,-1.6,-1.4,-1.3,-1,-0.6,-0.4,-0.2,0.1,0.3,0.6,1,1.4,1.7,1.8,2.4,2.9,3.2,3.8,4.3,4.9,6,7.2,8.5,9.4,10.7,12.1,13.5,15,16.7,18.9,21.1,20.4,22.1,22.1,,,,,35
10:11B,16,384,,,,,,,,,,,,,,,,,,-0.7,-0.3,0.1,0.6,1.3,1.7,2,2.4,3.3,4,4.5,5.2,5.3,2.2,7.2,8,9.3,10.3,11.8,13.3,15.9,16.4,18.9,20.9,,,,,,,,,24
10:12B,3,72,,,,,,,,,,,,,,,,,,,,,,,,,,,,,,,,,,,3.8,5,6,,8.6,10.3,12.7,15.8,14.7,,,,,,,8
10:13B,25,600,,,,,,,,,,,,,,,,,,,,,,,,,,,,,,-1.8,-1.6,-0.9,-0.3,0.7,1.5,2.2,2.9,3.7,4.1,4.5,5.1,5.9,6.4,8.1,8.8,11.9,13.6,17.4,21,20
10:14B,15,360,,,,,,,,,,,,,,,,,-1.5,-1.2,-1,-0.3,0.3,1.1,1.8,2.7,2.8,4.5,5.5,6.8,8.2,9.4,11.3,14.1,15.5,18.5,20.3,21.3,,,,,,,,,,,,,,20
10:14B,43,1032,,,,,,,,,,,,,,,,,,,,,,,,,,,,,,,,,,,,,21.9,,,,0.2,,,,,,,,,2
12:02D,25,600,,,,,,,,,,,,,,,,,,,,,,,,,,,-0.8,-0.7,0.2,0.5,0.5,1.8,8.8,4.9,7.4,10.6,15,19.5,20.2,,,,,,,,,,,13
12:05D,12,288,,,,,,,,,,,,,,,,-1.6,-1.4,-1.1,-0.7,-0.3,0,0.6,1.1,-0.8,0.4,1.4,-0.4,0.2,1.2,1.9,3.8,8.3,9.8,11.2,14.3,17.7,,,,,,,,,,,,,,21
12:06D,13,312,,,,,,,,,,,,,,,-1.2,-1.1,-1,-1.1,-0.8,-0.7,-0.7,-0.5,-0.4,-0.3,-0.2,0.2,0.2,0.6,0.9,1.2,1.8,2.3,5,4.3,5.3,6.6,9.4,12.3,13.5,,,,,,,,,,,25
12:07D,20,480,,,,,,,,,,,,,,,,,,,,,,0.3,0.6,0.8,0.9,1.5,1.7,2,2.5,2.3,3,3.5,3.9,4.6,4.9,5.7,5.8,8.1,8.7,10.2,12.2,15.2,18.7,,,,,,,22
12:08D,26,624,,,,,,,,,,,,,,,,,,,,,,,,,,,,,-1,-0.7,-0.5,0.7,1.6,2.5,3.9,4.8,7.1,8.4,9.8,11.9,14.1,,,,,,,,,13
12:09E,38,912,,,,,,,,,,,,,,,,,,,,,,,,,,,,,,,,,,4.4,5.4,6.7,9.3,10.6,13.2,,,,,,,,,,,6
12:10E,38,912,,,,,,,,,,,,,,,,,,,,,,,,,,,,,,,,,,5.1,5.9,7,8,11,14.5,,,,,,,,,,,6
12:11E,21,504,,,,,,,,,,,,,,,,,,,,,,-1.4,-1,-0.5,0.1,1.7,2.4,3.9,5.1,6,7.8,10,12.4,15.4,19.4,21.9,,,,,,,,,,,,,,15
12:12E,22,528,,,,,,,,,,,,,,,,,,,,,,,,-1.4,-0.9,1.7,3.8,6.1,7.9,8.7,11.2,13.7,16.5,21.7,19.9,22.9,,,,,,,,,,,,,,13
13:02E,23,552,,,,,,,,,,,-1,-1,-0.9,,,-0.8,-0.9,-0.9,-0.8,-0.7,,,4.5,12.4,22.9,,,,,,,,,,,,,,,,,,,,,,,,,11
13:03E,31,744,,,,,,,,,,,,,,,,,,,,,,-1,-0.9,-0.9,-0.8,,-0.6,,,12.9,21.2,22.1,,,,,,,,,,,,,,,,,,8
13:03E,32,768,,,,,,,,,,,,,,,,,-2,,,,,,,,,,,,,,,,,,,,,,,,,,,,,,,,,1
13:04E,33,792,,,,,,,,,,,,,,,,,,,,,,-1.1,-1.1,-1.1,-1.1,,-1,,,-1,-0.5,2,10.2,21.1,23.9,,,,,,,,,,,,,,,11
13:05E,31,744,,,,,,,,,,,,,,,,,,,,-1.3,,-1.2,-1.2,-1.2,-1.1,,-0.9,,,7.4,16.2,21.8,,,,,,,,,,,,,,,,,,9
13:06E,44,1056,,,,,,,,,,,,,,,,,,,,,,,,,,,,,,,,,,,,-1.3,-1,-1.1,-0.4,1.9,5,14.8,21.8,23.3,23.6,,,,,10
13:07E,31,744,,,,,,,,,,,,,,,,,,,,-1.1,,-1.3,-1.2,-1.2,-1.2,,-1.1,,,3.5,20.6,22.5,,,,,,,,,,,,,,,,,,9
13:08E,31,744,,,,,,,,,,,,,,,,,,,,-1.9,,-1.3,-1.2,-1.2,-1.2,,-0.8,,,7.8,22.6,22,,,,,,,,,,,,,,,,,,9
13:09E,37,888,,,,,,,,,,,,,,,,,,,,,,,,,,,,,,-1.3,-1.3,-1.3,-1.1,-1,-0.6,1.4,5.6,11.7,,,,,,,,,,,,9
13:10E,9,216,,,,,,,,,-1.1,-0.9,-1.3,-0.4,-1.2,,,-0.1,-0.5,3.6,11.8,20.1,,,,,,,,,,,,,,,,,,,,,,,,,,,,,,10
13:10E,37,888,,,,,,,,,,,,,,,,,,,,,,,,,,,,,,-1.6,-1.4,-1.3,-1.1,-1,-0.3,1.3,4.2,8.8,,,,,,,,,,,,9
13:11E,25,600,,,,,,,,,,,,,,,,,,,,,,,,,,,,,,-0.9,-1.1,-1,-0.9,-0.9,-0.8,-0.8,-0.2,1.1,5.1,18.2,22.2,23,23.1,,,,,,,14
13:12E,37,888,,,,,,,,,,,,,,,,,,,,,,,,,,,,,,,,,,-1,-0.8,0.6,3.8,7.9,,,,,,,,,,,,5
13:12E,23,552,,,,,,,,,,,-0.8,-1,-1,,,-0.9,-0.9,-0.9,-0.8,-0.7,,-0.1,4.9,16.1,23,,,,,,,,,,,,,,,,,,,,,,,,,12
13:13E,44,1056,,,,,,,,,,,,,,,,,,,,,,,,,,,,,,,,,,,,-1.3,-1.3,-1.1,-0.7,0.7,2.2,7.7,15.1,23.8,23.8,,,,,10
13:13E,18,432,,,,,,,,,-1.4,-1.5,-1.5,-1.4,-1.3,,,-0.8,-0.9,2,9.4,17.1,,,,,,,,,,,,,,,,,,,,,,,,,,,,,,10
13:14E,24,576,,,,,,,,,-1.5,-1.5,-1.5,-1.5,,-1.2,-1.1,-0.7,-0.6,,0.5,0.9,,2.4,3.9,8.4,10.9,,,,,,,,,,,,,,,,,,,,,,,,,14
13:14E,37,888,,,,,,,,,,,,,,,,,,,,,,,,,,,,,,,,,,0.4,2.6,7,21.2,22.4,,,,,,,,,,,,5
13:15E,44,1056,,,,,,,,,,,,,,,,,,,,,,,,,,,,,,,,,,,,-1.4,-1.1,-0.8,-0.6,0.8,3.5,12.3,21,23.8,23.9,,,,,10
13:16E,44,1056,,,,,,,,,,,,,,,,,,,,,,,,,,,,,,,,,,,,-1,-0.5,0,0.8,2.3,3.7,8,16.2,24.4,24.2,,,,,10
13:17E,30,720,,,,,,,,,,,,,,,,-1,-1,-1,-1,-0.9,-0.8,-0.8,-0.6,-0.3,1.2,4,22.5,22.5,22.5,23.8,23.8,24,23.9,,,,,,,,,,,,,,,,,14
13:17E,44,1056,,,,,,,,,,,,,,,,,,,,,,,,,,,,,,,,,,,,-1.2,-1,-0.4,0.4,2.1,3.7,9.1,17,23.9,23.9,,,,,10
13:18E,17,408,,,,,,,,,,,,,,,,,,,-0.1,-0.8,0,1,1.6,2.6,3.4,5.5,7.1,9,11,13.5,15.8,18.3,20,21.4,21.6,,,,,,,,,,,,,,,17
13:18E,44,1056,,,,,,,,,,,,,,,,,,,,,,,,,,,,,,,,,,,,-1.3,-1.1,-0.2,1.1,3.5,5.2,11.2,18.7,23.5,23.5,,,,,10
13:19E,44,1056,,,,,,,,,,,,,,,,,,,,,,,,,,,,,,,,-1,-0.9,-1.1,-0.9,-0.9,-0.9,-1,-0.8,-0.6,,0.5,12,21.5,22.9,,,,,13
13:19E,29,696,,,,,,,,,-0.3,-0.2,-0.1,0.2,0.4,0.7,0.8,0.9,1.1,1.3,1.9,,,,,,,,,,,,,,,,,,,,,,,,,,,,,,,11
13:20E,44,1056,,,,,,,,,,,,,,,,,,,,,,,,,,,,,,,,-1.1,-1,-1.1,-0.9,-0.9,-1,-1,-0.9,-0.8,,-0.3,5.3,20.9,23.4,,,,,13
13:20E,29,696,,,,,,,,,0,0.2,0.3,-1,0.8,1,1.3,1.4,1.6,1.7,2.3,,,,,,,,,,,,,,,,,,,,,,,,,,,,,,,11
13:21E,45,1080,,,,,,,,,,,,,,,,,,,,,,,,,,,,,,,,,,,,,-0.9,-0.9,-0.9,-0.8,,-0.7,2.5,9.4,20.8,22.4,,,,9
13:22E,45,1080,,,,,,,,,,,,,,,,,,,,,,,,,,,,,,,,,,,,,,-1,-0.9,-0.9,,-0.6,-0.3,3.1,8.4,21.1,,,,8
13:23E,29,696,,,,,,,,,,,,,,,,,,,,,,,,,,,,,,,,,-1.2,-1.4,-1.3,-1.3,-1.2,-1.2,-1.1,-0.7,-0.3,25,6.3,20.2,,,,,,12
13:23E,29,696,,,,,,,,,-1.3,-1.2,-1.2,-1,-0.1,-0.8,-0.5,-0.3,-0.4,-0.1,0.4,0.6,,1.7,2.3,3.3,5,,22.8,,,,,,,,,,,,,,,,,,,,,,,17
13:24E,50,1200,,,,,,,,,,,,,,,,,,,,,,,,,,,,,,,,,,,,,,,,-1.2,-1,0.1,1.3,4.8,8.9,13.8,19,21.7,22.4,10
13:25E,30,720,,,,,,,,,,,,,-0.9,,,-0.8,-0.8,-0.8,-0.8,-0.9,,-0.7,-0.4,1.5,4.7,,23.4,,,23.3,23.5,23.9,24.2,,,,,,,,,,,,,,,,,15
13:25E,50,1200,,,,,,,,,,,,,,,,,,,,,,,,,,,,,,,,,,,,,,,,-1.3,-1.2,-0.7,-0.1,1.9,4.9,9.2,11.4,17.1,20.7,10
13:26E,14,336,,,,,,,,,-0.9,-0.8,-0.8,-0.6,-0.2,,,8.3,14.9,24.1,,24.9,,,,,,,,,,,,,,,,,,,,,,,,,,,,,,9
13:26E,50,1200,,,,,,,,,,,,,,,,,,,,,,,,,,,,,,,,,,,,,,,,-1,,-1,0.4,2.6,5.8,10.3,15.5,19.7,22,9
13:27F,23,552,,,,,,,,,,,,,,,,,,,,,,,,,-1.4,,-1.2,,,-1.2,-0.7,0.3,2.1,4.3,12.4,20.1,20.9,21,,,,,,,,,,,,11
13:28F,37,888,,,,,,,,,,,,,,,,,,,,,,,,,-1.5,,-1.4,,,-1.5,-1.3,-0.8,1,2.6,8,16.9,20.1,20,,,,,,,,,,,,11
13:29F,37,888,,,,,,,,,,,,,,,,,,,,,,,,,-1.4,,-1.4,,,-1.3,-0.8,-0.3,1.4,3.3,9,18.4,21.2,21.3,,,,,,,,,,,,11
13:30F,37,888,,,,,,,,,,,,,,,,,,,,,,,,,-1.3,,-1.3,,,-1.3,-1.1,-0.5,1,3.1,9,18.1,20.9,21.1,,,,,,,,,,,,11
13:31F,37,888,,,,,,,,,,,,,,,,,,,,,,,,,,,-1.4,,,-1.3,-1.1,-0.7,0.4,2.2,8.3,18,20.7,20.7,,,,,,,,,,,,10
13:32F,37,888,,,,,,,,,,,,,,,,,,,,,,,,,,,-1.3,,,-1.2,-1.1,0.9,0,0.6,5,16.3,20.9,21,,,,,,,,,,,,10
13:33F,37,888,,,,,,,,,,,,,,,,,,,,,,,,,-1.3,,-1.4,,,-1.3,-1.2,-0.6,0.8,2.1,7.6,17.1,20.5,20.6,,,,,,,,,,,,11
15:02A,13,312,,,,,,,,,,,,,,,-1.7,-1.6,-1.4,-1.5,-1.2,-0.9,-0.7,-0.3,0,0.5,0.5,1.3,1.9,2.3,2.9,3.3,4.7,5.2,5.7,7,8.4,9.3,10.3,13.2,13.8,15.3,16.9,20.2,20.5,20.6,20.5,20.5,20.6,,,33
15:04A,14,336,,,,,,,,,,,,,,,-1,-1,-0.8,-0.4,-0.3,0.2,0.7,1.5,2.3,2.8,3.4,5.3,7.1,9.4,12.3,13.9,17.8,20.2,20.4,,,,,,,,,,,,,,,,,19
15:04A,2,48,,,,0,-0.1,0.2,,,-0.1,,,,,,,,,,,,,,,,,,,,,,,,,,,,,,,,,,,,,,,,,4
15:05A,15,360,,,,,,,,,,,,,,,,,-2,-2.1,-1.9,-1.8,-1.6,-1.3,-1,-0.6,-0.6,0.2,0.8,1.1,1.6,1.9,2.6,3.2,3.8,4.4,5.8,7,8.3,10.3,10.8,12.7,14.7,18.2,18.9,21.5,21.4,,,,,29
15:08B,11,264,,,,,,,,,,,,,-1.7,,,-1.2,-0.8,-0.2,-0.5,0.2,0.6,1.4,2.1,2.8,3,4.2,4.7,6.2,7.5,8.1,9.9,11.6,13.6,15.9,18.3,18.1,,,,,,,,,,,,,,22
15:08B,11,264,,,,,,,,,,,,,,,,,,,,,,,,,,,,,,,,,,,,19.1,19.1,,,,,,,,,,,,,2
15:10B,39,936,,,,,,,,,,,,,,,,,,,,,,,,,,,,,,,,,,,,,,,,,-0.7,-0.2,1.4,2.9,3.6,6.4,7.6,9.8,12.5,9
15:11B,41,984,,,,,,,,,,,,,,,,,,,,,,,,,,,,,,,,,,,,,,,,,,,-1.4,-1.1,-0.9,0,0.4,1.1,2.6,7
15:12B,26,624,,,,,,,,,,,,,,,,,,,,,,,,,,,,,-1.4,-0.8,0.4,1.6,2.3,4,4.9,6.4,7.5,10.1,10.9,12.8,15.2,18.8,19.7,21.3,,,,,,16
15:14B,22,528,,,,,,,,,,,,,,,,,,,,,,,,-1.5,-1.4,-0.9,-0.5,,0.7,0.7,0.8,1.9,2.6,3,4,5.2,6.7,,9.4,11.1,13.2,18.1,19.4,,,,,,,18
15:15B,29,696,,,,,,,,,,,,,,,,,,,,,,,,,,,,,,,-1.1,-0.7,0.5,1.5,2.4,4.1,5.8,7.4,9.8,12.2,15.3,18.6,21.4,22.6,,,,,,14
20:01A,20,480,,,,,,,,,,,,,,,,,,,,,,-0.6,-0.3,-0.1,0.1,0.9,0.8,1.7,2.2,3.1,3.9,5.1,5.9,7.3,8.7,10.1,11.8,14,15.9,17.9,21.5,,,,,,,,,20
20:02B,52,1248,,,,,,,,,,,,,,,,,,,,,,,,,,,,,,,,,,,,,,,,,,7.8,9.2,10.6,11.2,13.5,14.9,16.6,17.8,8
20:02B,14,336,,,,,,,,,,,,,,,,-1.1,-0.2,0.5,1.4,2.4,3.1,4,5.4,6.7,7.4,9.6,11.4,13.3,15.4,17,18.7,20.9,21.9,22.3,,,,,,,,,,,,,,,,19
20:03B,22,528,,,,,,,,,,,,,,,,,,,,,,,,-1.7,-1.7,-1.1,-0.6,-0.5,0.1,0.5,1,1.8,2.1,3.3,4.3,5.6,6.6,7.8,9.1,11,12.3,14.3,16.9,21.2,,,,,,21
20:04B,21,504,,,,,,,,,,,,,,,,,,,,,,,-1.5,-1.2,-1.1,-0.4,0.1,0.8,1.5,2,2.8,3.4,4.4,5.1,6,7.2,7.6,9,10.3,11.7,12.7,14.6,17.3,21.1,,,,,,22
20:05B,28,672,,,,,,,,,,,,,,,,,,,,,,,,,,,,,,-1.2,-1.7,-1.2,-0.9,-0.2,0.5,1.2,2.1,3.1,4.3,5.7,6.9,8.1,9.5,11.5,12.4,15.3,12.1,19.6,21.1,20
20:06B,24,576,,,,,,,,,,,,,,,,,,,,,,,,,,-1.4,-1.2,-1.1,-0.8,-0.5,-0.3,0.3,1,1.5,2.2,3,3.8,4.5,3.3,6.2,7,7.8,8.4,,11.3,13.9,16.5,18.5,20.7,23
20:07B,25,600,,,,,,,,,,,,,,,,,,,,,,,,,,,,-1.2,-0.6,-0.3,0.1,0.9,1.7,2.6,3.6,5,6.1,7.5,9.7,11.8,14.6,17.5,19.6,20.9,,,,,,17
20:08G,13,312,,,,,,,,,,,,,,-1.6,-1.3,-0.9,-0.7,-0.4,0.1,0.7,1.3,2,2.4,3,3.6,5.1,5.7,6.7,8,9,10.6,13.6,15.3,18.3,20.4,21.5,21.8,,,,,,,,,,,,,24
20:09G,25,600,,,,,,,,,,,,,,,,,,,,,,,,,,,-0.7,-0.5,0,0.2,1.5,3.1,5,8.5,11.4,16,,,,,,,,,,,,,,10
20:10G,42,1008,,,,,,,,,,,,-1.2,-1.1,-1.2,-1,-0.9,-0.8,-0.6,-0.4,-0.1,0.1,0.5,0.5,1,1.1,1.8,1.7,2.6,3.2,3,3.8,4.5,5.4,6.9,7.5,8.7,9.9,11.8,12.3,13.8,15.3,,,,,,,,,30
20:11G,33,792,,,,,,,,,,,,,,,,,,,,,,,,,,,,,,,,,,,-0.8,-0.5,0.3,0.1,2.7,3.7,5.4,9.3,10.8,16.4,18.3,,,,,11
20:12G,40,960,,,,,,,,,,,,,,,,,,,,,,,,,,,,,,,,,,,,,,,,,,-1.5,-1.4,-0.6,0,0.5,0.9,2,3.5,8
20:13G,25,600,,,,,,,,,,,,,,,,,,,,,,,,,,,-1.7,-1.6,-1.5,-1.4,-1.1,-0.8,0.1,1,0.2,1.2,2.4,4.7,5.5,7.6,10.1,14.4,15.8,19.6,20.2,,,,,19
20:14G,34,816,,,,,,,,,,,,,,,,,,,,,,,,,,,,,,,,,,,,-1.5,-1.2,-0.9,-0.7,0.1,1,2.3,3.3,4.1,4.4,5.8,6.6,7.9,9.5,14
20:15G,14,336,,,,,,,,,,,,,,,,-1.6,-1.4,-1.1,-0.6,-0.1,0.3,1.2,1.9,2.6,2.8,4.4,5.2,6.2,7.4,8.2,9.6,11.9,13.7,16.2,18.8,21,21.9,,,,,,,,,,,,,22
20:16G,4,96,,,,,,,,,,,,,,,,,,,,,,,,-0.1,0.1,0.9,1.7,2.7,3.7,4.7,6.2,8.4,11.9,13.4,16.3,20.2,21.4,,,,,,,,,,,,,14
23BCCH-REED(BG),52,1248,,16.4,,,,,,,-0.3,,,,,,,,,0.5,0.7,0.9,,,,20.5,,,,,,,,,,,,,,,,,,,,,,,22,21.3,,8
23BCCH-REPSG(BG),52,1248,,,,,,,,,-0.8,,,,,,,,,,,,,,,,,,,,,,,,,,,,,,,,,,,,,,,,,1
23BCCH-REPSG(BG),52,1248,,,,,,,,,,,,,,,,,,,,0,,,,,,,,,,,1.5,1.6,,2.3,,,4.6,,,12.1,,20.1,,,21.2,,21.5,,,9
23BCCH-TUPSG(BG),46,1104,,,,,,,,,,,,,,,,,,,,-1.2,,,,,,,,,,,-0.1,1,,2.1,,,4.1,,,,,21.4,,,21.6,,21.7,,,8
23BCCH-TUPSG(BG),46,1104,,,,,,,,,-1.1,,,,,,,,,,,,,,,,,,,,,,,,,,,,,,,,,,,,,,,,,1
23BCCH-TURN(BG),46,1104,,,,,,,,,1,,,,,,,,,2.1,0.9,1.9,,,,,,,,,,,3.5,,,3.5,,5.3,,,,12.7,,19.8,,,21.9,,,,,10
23BCGV-FOPSG(BG),40,960,,,,,,,,,,,,,,,,,,,,0.4,,,,,,,,,,,5.4,,,,,,10.7,,,21,,,,,,,,,,4
23BCGV-FORR(BG),42,1008,,,,,,,,,-1.8,,,,,,,,,-0.1,0.5,1.2,,,,,,,,,,,6.1,,,,,,12.8,,,18.4,,,,,,,,,,7
23BCGV-RIVPSGS(BG),4,96,,,,,,,,,-2.7,,,,,,,,,,,,,,,,,,,,,,,,,,,,,,,,,,,,,,,,,1
23BCRS-PSGS(BG),51,1224,,,,,,,,,-2.4,,,,,,,,,,,,,,,,,,,,,,,,,,,,,,,,,,,,,,10,,,2
23BCSB-ABST(BG),41,984,,,,,,,,,0.2,,,,,,,,,1.6,,1.8,,,,,,,,,,,5.8,,,8.8,,,21.3,,,21.7,,,,,,,,,,7
23BCSB-PSGS(BG),40,960,,,,,,,,,,,,,,,,,,,,-1.2,,,,,,,,,,,,,,3.4,,,17.4,,,,,,,,,,,,,3
23COPN-HEART,45,1080,,,,,,,,,-0.2,,,,,,,,,,,,,,,,,,,,,,,,,,,,,,,,,,,21.2,,,,,,2
23DDCH-WRORG(BG),49,1176,,,,,,,,,3.1,,,,,,,,,,4.6,,,,,,,,,,,,,,,8.4,,,9.1,,,,,,,,,,22.8,,,5
23DDPN-AV10/5ORG(BG),49,1176,,,,,,,,,,,,,,,,,,,-0.2,,,,0,,,,,,,,,,,,,,,,,,,,,,,,,,,2
23DDPN-AV10/5ORG(BG),49,1176,,,,,,,,,,,,,,,,,,,,,,,,,,,,,,,,,,,3.8,,5.5,,,,,,,,20.1,,,,,3
23DDSB-NORTHORG(BG),0,0,,,,,,,,,-1.7,,,,,,,,,,-1.6,,,,,,,,3.4,,,,,,,,,,,,,,,,,,,,,,,3
23DDSB-SOUTHORG(BG),46,1104,,,,,,,,,-1.6,,,,,,,,,,1.5,,,,,,,,3.3,,,,,,,,9,,13.5,,,,,,,,,,,,,5
23NZCH-PHWEST(BG),41,984,,,,,,,,,-0.3,,,,,,,,,,,,,,,,,,,,,,,,,,,,,,,,,,,,,,,,,1
23NZPN-SPK(BG),54,1296,,,,,,,,,,,,,,,,,,,-1.4,,,,,,,,,,,,,,,,,,,,,,,,,,,,,,,1
23NZRI-BARKO,38,912,,,,,0,,,,,,,,,,,,,,,1.7,,,,,,,,,,,7.1,,,,,,17.5,,,,,,,,,,,,,4
23NZSB-OFR,2,48,,,,,,,,,-2,,,,,,,,,,,,,,,,,,,,,-1,,,,,,,,,,,,,,,,,,,,2
23SLCH-CRFR(BG),42,1008,,,,,,,,,-1,,,,,,,,-0.4,,,,,,,,,,,,,0.8,,,,,,,6.2,,,,,,,,,,,,,4
23SLCH-CRPR(BG),29,696,,,,,,,,,,,,,,,,,,,,,,,,,,,,,,,,,,,,-0.6,,,,,,,,,,,,,,1
23SLSB-LGWR(BG),36,864,,,,,,,,,-1.9,,,,,,,,,-2.2,,,,,,,,,,,,,2,,,,,,,,,,,,,,,,,,,3
23THPG-PR(BG),42,1008,,,,,,,,,,,,,,,,,,,,,,,,,,,,,,,,,,,,,,,,,,,,,,,1.2,,,1
23THRI-PR(BG),4,96,,,,,,,,,,,,,,,,,,,,,,,,,,,,,,,,,,,,,,,,,,,,6.3,,,13.3,,,2
23THRI-PR(BG),4,96,,,,,,,,,,-1.1,,,,,,,,,,,,,,,,,,,,,,,,,,,,,,,,,,,,,,,,1
23TOPG-ST (BG),14,336,,,,,,,,,,,,,,,,,-2.2,,,,,,,,,,,,,,,,,,,,,,,,,,,,,,,,,1
23TOSB-CAHJ,23,552,,,,,,,,,,,,,,,,,-1.5,,,,,,,,,,,,,,,,,,,,,,,,,,,,,,,,,1
23TWCH-DLH(BG),52,1248,,,,,,,,,,-0.2,,,,,,,,,,1.3,,,,,,,,,,,3.1,,,,,,,,,,,,,,,,9.6,,,4
23XWPN-ROSE,2,48,,,,,,,,,,,,,,,,,,,,,,,,,,,,,,,,,,,,,-0.5,,,,,,,,8,21,,,,3
30:01A,23,552,,,,,,,,,,,,,,,,,,,,,,,,,,,,,,,,,,,,,,,,,-0.3,0.8,2,5.4,6.6,11.6,13.4,16.9,20.8,9
30:02A,23,552,,,,,,,,,,,,,,,,,,,,,,,,,,,,,,,,,,,,,-1.2,-0.3,-0.1,1.4,2.8,3.7,4.7,7.1,8.4,12.4,14,18.5,20.6,13
30:03A,3,72,,,,,,,,,,,,,,,,,,,,,,,,,,,,,,,,,,,,,,,,,,,,,21.5,,,,,1
30:03A,31,744,,,,,,,,,,,,,,,,,,,,,,,,,,,,,,,,,-0.5,0.3,1.5,3.4,5.4,9,10.4,13.7,17.3,20.9,22,,,,,,,11
30:04A,15,360,,,,,,,,,,,,,,,,,-1.9,-1.9,-2,-1.8,-1.5,-1.6,,-0.6,-0.5,0.1,0.7,1.1,1.6,1.6,2.4,3.2,3.9,4.6,5.4,6.5,7.8,9.5,10,10.9,12.5,16.5,17.7,21.3,21.6,,,,,28
30:05A,22,528,,,,,,,,,,,,,,,,,,,,,,,,-1,-0.9,-0.1,0.5,,1.7,2,3.1,4,5.2,6.5,7.8,9.3,10.7,13.1,13.7,16.5,17.4,20.3,20.9,21.8,,,,,,20
30:07A,36,864,,,,,,,,,,,,,,,,,,,,,,,,,,,,,,,,,,,,,,-1.5,-1,0.9,2.3,3.8,5.9,9.3,10.6,15.4,16.7,20.3,22,12
30:08A,21,504,,,,,,,,,,,,,,,,,,,,,,,,,,-0.9,-0.4,0.3,2,3.4,6,7.1,13.5,18.3,,,,,,,,,,,,,,,,9
30:08A,42,1008,,,,,,,,,,,,,,,,,,,,,,,,,,,,,,,,,,,,,,,,,,,21.3,,,,,,,1
30:10A,40,960,,,,,,,,,,,,,,,,,,,,,,,,,,,,,,,,,,,,,,,,,20.9,,,,,,,,,1
30:11G,14,336,,,,,,,,,,,,,,,,-1.3,-0.8,-0.2,0.6,1.3,1.9,2.8,3,4.1,4.5,5.7,6.6,7.5,8.8,9.5,11.2,13.1,14.9,17.8,21.1,,,,,,,,,,,,,,,20
30:12G,15,360,,,,,,,,,,,,,,,,,,,,,,,,,,,-1.4,-0.8,-1.2,-1.1,0,0.8,2.4,4.7,7.9,10.1,13.8,19.7,19.3,,,,,,,,,,,13
30:13G,7,168,,,,,,,,,,,,,,,,,,,,,,,,,,,,,,-1.6,-1.9,-1.4,-0.7,0.2,0.7,1.8,2.4,,4.9,6.3,7.9,10.8,12.6,14.3,15.2,17.7,18.5,19.7,19.9,19
30:14G,36,864,,,,,,,,,,,,,,,,,,,,,,,,,,,,,,,,,,,,,,-0.9,0.6,2.8,6.1,8.4,9.3,12.3,13.2,18.8,19.3,20.1,,11
30:15G,38,912,,,,,,,,,,,,,,,,,,,,,,,,,,,,,,,,,,,,,,,,-1.7,-1.4,-0.7,0,1,1.4,2.9,3.2,4.5,6.2,10
30:16G,24,576,,,,,,,,,,,,,,,,,,,,,,,,,,-0.9,-0.9,0.2,0.9,1.2,6.2,2.9,3.9,5.1,6,7,8.4,10.6,13,17.5,19.2,,,,,,,,,16
30:17G,30,720,,,,,,,,,,,,,,,,,,,,,,,,,,,,,,,,-1,-1,-0.5,0.6,1.2,2.2,,6.5,9.6,12,18,20.2,,,,,,,11
30:17G,43,1032,,,,,,,,,,,,,,,,,,,,,,,,,,,,,,,,,,,,,,,,,,,,21.1,,,,,,1
30:19G,24,576,,,,,,,,,,,,,,,,,,,,,,,,,,,-1.4,-1.1,-0.6,-0.3,0.4,0.3,1.4,2,3,4,5.4,,7.4,8.7,10,12.1,13.2,14.7,15.4,17.6,18.9,20.6,,21
30:20G,24,576,,,,,,,,,,,,,,,,,,,,,,,,,,,-1.4,-1.1,-0.7,-0.7,0.1,0.3,0.8,1.4,2.1,3.4,4.9,,7.1,8.1,9.5,11.4,12.5,13.8,14.4,16.8,17.9,20.5,,21
30:21G,32,768,,,,,,,,,,,,,,,,,,,,,,,,,,,,,,,,,,-0.7,-0.1,1.1,3,,6.7,9.5,12.7,18,20.2,21.3,,,,,,10
30:22G,40,960,,,,,,,,,,,,,,,,,,,,,,,,,,,,,,,,,,,,,,,,,-1.4,-1,-0.6,0.3,1,2.7,3.3,5.5,6.2,9
40:01A,16,384,,,,,,,,,,,,,,,,,,-1.1,-0.7,0.2,1.1,2,3.1,4.2,4.4,7.3,9.2,11.6,14.1,15.6,18.3,19.9,20.8,,,,,,,,,,,,,,,,,16
45:01A,29,696,,,,,,,,,,,,,,,,,,,,,,,,,,,,,,,-0.5,-0.4,0.5,1.7,2.7,4,6.5,7.4,9.1,11.3,13.6,16.3,19.2,21.5,,,,,,14
45:02G,15,360,,,,,,,,,,,,,,,,,-1.3,-0.8,-0.7,-0.6,0.2,1,1.7,2.8,3.4,5.2,6.4,7.8,9.1,10.1,11.6,13.8,15.9,18.8,20.5,21.4,21.3,21.5,,,,,,,,,,,,22
45:03G,43,1032,,,,,,,,,,,,,,,,,,,,,,,,,,,,,,,,,,,,,,,,,,16.3,18.2,21.1,21.2,,,,,4
45:03G,22,528,,,,,,,,,,,,,,,,,,,,,,,,-1.6,-1.2,-0.7,0,0.5,1.2,1.5,2.5,3.6,1.3,6.6,8.7,11.3,14.3,21.1,20.7,21.1,,,,,,,,,,17
45:04G,38,912,,,,,,,,,,,,,,,,,,,,,,,,,,,,,,,,,,,,,,,,17.8,,,,,,,,,,1
45:04G,21,504,,,,,,,,,,,,,,,,,,,,,,,-0.8,-0.5,-0.2,0.7,1.6,2.5,3.7,4.7,6.5,9,10.9,13.8,16.8,20.9,,,,,,,,,,,,,,14
45:05G,24,576,,,,,,,,,,,,,,,,,,,,,,,,,,,-1.3,-1.3,-1,-0.7,-0.6,0.6,1.7,3.2,4.8,7.2,9.1,11.9,13.3,19.5,21.5,,,,,,,,,15
45:06H,17,408,,,,,,,,,,,,,,,,,,,-0.9,-0.3,0.5,1.6,2.3,3.8,4.7,7.3,9.8,14.1,15.2,16.8,18.9,20.3,20.6,,,,,,,,,,,,,,,,,15
45:07H,32,768,,,,,,,,,,,,,,,,,,,,,,,,,,,,,,,,,,,,,-0.7,-0.4,0.6,1.9,3.5,5.2,7.9,9.5,10.5,13.9,15.4,20.5,20.6,13
45:09H,25,600,,,,,,,,,,,,,,,,,,,,,,,,,,,-1.6,-1.3,-0.8,-0.6,0.2,1,0.8,1.9,2.8,4.1,7.4,9.6,,,,,,,,,,,,12
45:10H,21,504,,,,,,,,,,,,,,,,,,,,,,,-1.2,-0.8,-0.6,0.1,0.5,1,1.7,2.1,3.2,4.1,5.2,6.5,7.9,9.4,11.1,14.1,15.5,18.3,20.5,,,,,,,,,19
45:11H,24,576,,,,,,,,,,,,,,,,,,,,,,,,,,-1.4,-1.7,-1.3,-0.6,-0.2,0.9,1.7,2.9,4.5,6,7.6,9.7,14,15.8,17.3,20.6,,,,,,,,,16
45:12H,17,408,,,,,,,,,,,,,,,,,,,,-1.1,-0.9,-0.4,-0.2,0.8,1.1,4.2,3,3.9,5.3,5.9,7.6,10.1,12.6,15.6,19,21.2,22.3,,,,,,,,,,,,,18
45:13H,29,696,,,,,,,,,,,,,,,,,,,,,,,,,,,,,,,-1.5,-1.2,-1,-0.2,0.8,2,3.2,5.3,7,7.9,10.2,14.1,17.4,20.2,20.9,,,,,15
45:14H,37,888,,,,,,,,,,,,,,,,,,,,,,,,,,,,,,,,,,,,,,,6.6,7.3,9.2,13.5,15.5,18.9,21,20.9,21,,,9
45:15H,26,624,,,,,,,,,,,,,,,,,,,,,,,,,,,,,-1.5,-1.2,-0.7,-0.4,-0.3,0.5,1.1,1.3,2.1,3.5,3.9,4.3,5.4,7.7,8.3,9.8,10.6,13.2,14.2,17.1,18,21
45:16I,34,816,,,,,,,,,,,,,,,,,,,,,,,,,,,,,,,,,,,,-1.2,-1.1,1.6,2.1,4.3,4.9,9.7,11,15.5,16.5,20.3,,,,11
45:17I,44,1056,,,,,,,,,,,,,,,,,,,,,,,,,,,,,,,,,,,,,,,,,,,,,,6.6,7.1,9.5,10.2,4
48:03I,38,912,,,,,,,,,,,,,,,,,,,,,,,,,,,,,,,,,,,,,,,,-1.3,-1.3,-0.4,0.7,1.3,2.1,4.1,4.9,6.9,7.3,10
48:04I,33,792,,,,,,,,,,,,,,,,,,,,,,,,,,,,,,,,,,-1.6,-1.3,-1,-0.03,0.5,1.1,1.3,2.1,3.1,3.8,5.2,5.8,7.6,8.3,10.8,11.6,16
48:05I,24,576,,,,,,,,,,,,,,,,,,,,,,,,,,-1.1,-0.9,-0.6,0,0.5,1,1.8,1.7,4.1,5.5,7.1,8.1,9.8,11.2,20.1,20.6,21.2,21.2,,,,,,,18
48:06I,17,408,,,,,,,,,,,,,,,,,,,-1.3,-1.2,-0.7,-0.5,0,0.9,-1.6,2.5,3.1,4.1,5,5.9,7.1,8.8,10.2,12.4,14.5,15.7,17.7,19.8,22,22.3,,,,,,,,,,22
48:08I,24,576,,,,,,,,,,,,,,,,,,,,,,,,,-1.7,-1.1,-1.1,0.4,0.7,0.9,0.9,2.2,3.8,4.7,6.7,9.7,10.8,14.9,17.7,18.7,19.9,,,,,,,,,17
48:09I,25,600,,,,,,,,,,,,,,,,,,,,,,,,,,,-1.5,-1.3,-0.8,-0.2,0.4,1.4,2.5,3.9,5.4,7,9.2,12.8,16,17.4,19.8,21.1,,,,,,,,16
48:10I,21,504,,,,,,,,,,,,,,,,,,,,,,,,,,,,,,-1.2,-1.2,-0.6,-0.2,1.4,3.2,5.7,11.4,11.7,13.2,16.8,20.1,20.9,21,,,,,,,14
48:11J,22,528,,,,,,,,,,,,,-1.2,,,,-1.3,-1.3,-1.2,,,-1.1,-0.8,,,,21.4,,,,,,,,,,,,,,,,,,,,,,,7
48:12J,31,744,,,,,,,,,,,,,,,,,,,,,,,,,,,,,,,,,-1.2,-1.2,0,1.1,2.5,4.1,5.8,8,9.8,,,,,,,,,9
48:14J,16,384,,,,,,,,,,,,,,,,,,-0.7,0.3,0.9,1.1,2.4,3.5,4.4,5.4,7.4,9.3,11.3,11.2,14.6,17.6,20.3,20.6,,,,,,,,,,,,,,,,,16
48:16J,18,432,,,,,,,,,,,,,,,,,,,,-1.2,-1.2,-0.4,0.3,-0.7,-0.6,0.6,1.5,2.3,3.7,5.9,2.6,,,,,,,,,,,,,,,,,,,12
60:01H,15,360,,,,,,,,,,,,,,,,,,,,,,,,,,,,,,-1.3,-1.2,-0.6,-0.1,0.6,1.9,2.5,3.7,6.1,8.3,10.7,12.1,17.5,21,,,,,,,14
60:02H,24,576,,,,,,,,,,,,,,,,,,,,,,,,,-1.4,-0.8,-0.5,0.2,1.3,1.5,2.9,4,5.1,6.6,8.2,10.1,12.2,17.2,18.6,19.6,21.4,,,,,,,,,17
60:03H,18,432,,,,,,,,,,,,,,,,,,,,,,,-0.1,0.3,0.6,1.9,3.3,4.3,5.9,6.7,8.6,11,13.2,16.2,18.9,20.8,21.6,,,,,,,,,,,,,15
60:04H,9,216,,,,,,,,,,,,,,,,,-1.5,-1.1,-0.6,0.2,0.8,2.2,3.2,4.4,5,7.4,9.2,11.2,13.7,15.2,17.8,20.1,13.2,21.8,21.9,,,,,,,,,,,,,,,19
60:05H,5,120,,,,,,,,,-1.5,-1,-0.5,-0.4,0,0.3,0.8,1.4,2,3,4,5.2,6.5,8.1,10.5,11.3,12,14.2,15.9,18.8,19.9,-1.5,21.4,20,,,,,,,,,,,,,,,,,,24
60:06H,3,72,,,,,-0.5,-0.4,,,0.3,0.7,0.5,1.2,1.7,2.1,2.5,3.1,3.7,4.5,5.3,6.1,7,8.1,8.8,10,10.4,11.9,13,14,15.2,16,17.2,,,,,,,,,,,,,,,,,,,25
60:08H,14,336,,,,,,,,,,,,,,,-1.7,-1.4,-0.9,-0.4,-0.1,0.5,1.1,2,2.6,-1.5,3.8,5.2,6.3,7.4,8.7,9.6,11.5,13.5,16.5,18.6,20.9,22.5,,,,,,,,,,,,,,22
60:09I,19,456,,,,,,,,,,,,,,,,,,,,,-1.1,-0.3,0.6,-0.3,0.4,2,3.8,5.8,9,10.8,14.6,,,,,,,,,,,,,,,,,,,11
60:11I,20,480,,,,,,,,,,,,,,,,,,,,,,-1.2,-0.9,-0.4,0,1.1,2.3,3.2,4.5,5.2,7,9.7,11.5,15.2,18.2,20.5,21,21.8,,,,,,,,,,,,17
60:14I,33,792,,,,,,,,,,,,,,,,,,,,,,,,,,,,,,,,,,,-1.3,-1.2,-0.2,1.9,2.7,3.4,5,9.2,10.8,16,16,19.4,20.3,,,13
60:15I,30,720,,,,,,,,,,,,,,,,,,,,,,,,,,,,,,,-1.7,-1.4,-1.1,-0.6,0.3,1.1,2.2,4.2,5,5.5,7.2,11.1,11.5,12.8,14,17.2,18.4,21,21.1,19
60:16I,36,864,,,,,,,,,,,,,,,,,,,,,,,,,,,,,,,,,,,,,,-1.2,-0.7,-0.1,1,2.9,4.4,6.7,8.1,12.7,13.4,18.4,19.3,12
60:17I,33,792,,,,,,,,,,,,,,,,,,,,,,,,,,,,,,,,,,-1.4,-1.3,-0.7,0,1.5,2.5,2.8,4.3,6.5,8.3,10.5,11.7,15.5,17.1,18.8,19.4,16
60:18I,36,864,,,,,,,,,,,,,,,,,,,,,,,,,,,,,,,,,,,,,,-1.8,-1.4,-1.3,-0.7,0.6,0.9,1.8,2.4,4.3,4.9,7.7,9.7,12
63:01J,24,576,,,,,,,,,,,,,,,,,,,,,,,,,,-0.9,-0.7,-0.1,0.4,0.1,1.9,2.8,3.9,4.6,6.1,7.4,,,,,,,,,,,,,,11
63:01J,24,576,,,,,,,,,,,,,,,,,,,,,,,,,,,,,,,,,,,,8,9,10.8,13.5,16.9,21.6,,,,,,,,,6
63:01J,30,720,,,,,,,,,,,,,,,,,,,,,,,,,,,,,,,,,,,,,,,,,,,,,21.9,22,,,,2
63:02J,25,600,,,,,,,,,,,,,,,,,,,,,,,,,,,-1.2,-0.8,-0.3,0.1,0.8,1.8,2.9,4.9,5.7,7.4,8.9,11.6,14.6,18.5,21,,,,,,,,,15
63:04J,24,576,,,,,,,,,,,,,,,,,,,,,,,,,-1.5,-1.1,-0.9,-0.1,0.8,1.2,2.5,3.6,4.8,6.5,8.2,7.2,12.1,15.8,18,20.5,21.1,,,,,,,,,17
63:05J,25,600,,,,,,,,,,,,,,,,,,,,,,,,,,,,-1.4,-1.3,-0.9,-0.2,0.5,1.5,2.7,3.8,5.1,6.6,8.4,10.8,13.3,17.2,21.1,21.6,21.6,21.6,,,,,16
63:06J,17,408,,,,,,,,,,,,,,,,,,,,,,,,,,,,,,,,,,,,,,,,-0.8,-0.4,0,1,2.8,3.4,7.3,8.9,14.6,18.2,10
63:07J,40,960,,,,,,,,,,,,,,,,,,,,,,,,,,,,,,,,,,,,,,,,,-1.8,-1.7,-0.9,0,0.3,1.3,2,4,6,9
63:08J,40,960,,,,,,,,,,,,,,,,,,,,,,,,,,,,,,,,,,,,,,,,,,-1.6,-1.2,-0.7,-0.3,0.3,1,2.9,4.3,8
90:01H,30,720,,,,,,,,,,,,,,,,,,,,,,,,,,,,,,,,,,,,,,,,,,,,,,20.7,21.1,21.5,,3
90:01H,30,720,,,,,,,,,,,,,,,,,,,,,,,,,,,,,,,,-1.1,-1.4,-0.5,0.2,0.9,1.9,5.1,5.2,5.8,7.6,11.6,12.8,15.5,16.9,,,,,14
90:02H,25,600,,,,,,,,,,,,,,,,,,,,,,,,,,,-1.7,-1.1,-0.7,-0.7,0.6,1.5,2.4,4.2,5.1,6.4,8.3,11.4,13.9,15.6,18.5,20.8,,,,,,,,16
90:03H,33,792,,,,,,,,,,,,,,,,,,,,,,,,,,,,,,,,,,,-1.1,-1,-0.2,2.3,2.8,3.3,5,7.7,10,12.6,14,17.1,18.4,20.3,,14
90:04H,24,576,,,,,,,,,,,,,,,,,,,,,,,,,-1.5,-1,-1.1,-0.6,-0.1,0.2,1.6,2.6,1.8,3,3.8,5.6,7.2,11,13.8,15.2,18.8,,,,,,,,,17
92:01J,25,600,,,,,,,,,,,,,,,,,,,,,,,,,,,-1.2,-0.6,0.2,0.5,2.2,3.9,5.9,8.7,11.9,15.1,,,,,,,,,,,,,,10
92:02J,11,264,,,,,,,,,,,,,-1.5,,,-1.2,-0.9,-0.8,-0.4,0,0.3,0.6,1.2,-1.7,2,3.4,4.1,5.2,5.9,6.5,2.5,9.2,10.4,11.4,13.1,14.8,18,,,,,,,,,,,,,23
92:03J,18,432,,,,,,,,,,,,,,,,,,,,-1.1,-0.6,-0.1,0.5,0,0.3,1.4,2.7,4.4,6.3,7.6,9.9,12.7,3.5,,,,,,,,,,,,,,,,,14
92:04J,24,576,,,,,,,,,,,,,,,,,,,,,,,,,,-0.9,-0.6,-0.1,0.5,1,1.7,2.6,3.4,4.2,5.9,7.3,8.7,10.6,12.9,15.4,18.6,21.1,,,,,,,,17
92:05K,20,480,,,,,,,,,,,,,,,,,,,,,,,-0.7,0.2,0.7,2.1,3.2,4.5,5.5,6.5,11.4,10.3,12.1,14.7,17.2,17.5,18.5,,,,,,,,,,,,,15
92:09K,18,432,,,,,,,,,,,,,,,,,,,,-1.1,-0.8,-0.4,0.1,0.4,0.4,1,1.5,2.1,2.3,2.7,0.9,1.4,2.4,2.7,3.5,,,,,,,,,,,,,,,16
92:10K,24,576,,,,,,,,,,,,,,,,,,,,,,,,,,-2.1,-1.7,-1.3,-0.7,0,0.4,1.5,2.5,3.3,3.9,4.3,5.5,7.3,8.6,10.3,12,14.5,17.1,16,17.4,,,,,20
92:11K,35,840,,,,,,,,,,,,,,,,,,,,,,,,,,,,,,,,,,,,,,,-1.2,-0.5,-0.1,0.9,1.9,2.9,3.8,6.4,7.5,10.9,13.7,11
92:12K,41,984,,,,,,,,,,,,,,,,,,,,,,,,,,,,,,,,,,,,,,,,,,,-0.5,0.5,1.7,4.8,6.8,11.9,16.2,7
92:13K,30,720,,,,,,,,,,,,,,,,,,,,,,,,,,,,,,,,-1.3,-0.7,-1,0,0.4,1.7,3.5,5.2,7.4,8.6,12.9,15.7,19.3,20.3,,,,,14
92:14K,36,864,,,,,,,,,,,,,,,,,,,,,,,,,,,,,,,,,,,,,,-1.7,-0.6,-0.7,0.5,4.4,6.5,10.4,,,,,,7
92:14K,29,696,,,,,,,,,,,,,,,,,,,,,,,,,,,,,,,-1.3,-0.8,0.1,0.4,1.1,-0.3,,,,,,,,,,,,,,6
98:01L,25,600,,,,,,,,,,,,,,,,,,,,,,,,,,,,-1.4,-1.2,-0.9,-0.3,0.6,1.4,2.2,3.4,4.5,5.9,7.7,10.2,12.8,18.3,21.5,,,,,,,,15
98:02L,17,408,,,,,,,,,,,,,,,,,,,,-1.1,-0.8,-0.4,-0.1,-0.1,-0.2,-1.6,0.8,1.5,2.1,2.6,3.7,4.9,7.4,8.7,10.6,12.6,,,,,,,,,,,,,,17
98:04L,19,456,,,,,,,,,,,,,,,,,,,,,-1.3,-1,-0.7,0.2,0.4,1.5,2.5,3.7,4.8,5.6,7.2,9.4,13.7,15.3,19.7,22.1,,,,,,,,,,,,,,16
98:05L,28,672,,,,,,,,,,,,,,,,,,,,,,,,,,,,,,-0.9,-0.8,0.5,4.6,4.3,8,9.9,12.2,,,,,,,,,,,,,8
98:06L,4,96,,,,,,,,,,,,,,,,,,,,,,,,,,,,,,,,,,,,,,,-1.2,-0.7,-0.2,1.4,3.3,4.1,4.5,8.2,9.8,17.5,19,11
98:08L,25,600,,,,,,,,,,,,,,,,,,,,,,,,,,,,,,-1.1,-1.2,,,,,,,,,,,,,,,,,,,2
98:09L,30,720,,,,,,,,,,,,,,,,,,,,,,,,,,,,,,,-1.5,-1.1,-0.2,0.4,0.6,1.5,-1,4.3,5.8,7.7,9.2,13.4,16.3,19.4,19.9,,,,,15
98:10L,28,672,,,,,,,,,,,,,,,,,,,,,,,,,,,,,,0.7,-0.1,1.8,3.8,6.4,10,12.4,17.1,,,,,,,,,,,,,8
120:02M,23,552,,,,,,,,,,,,,,,,,,,,,,,,,-1,-0.8,-0.4,0.3,0.8,13.3,1.7,2.8,4.6,5.7,7.2,,,,,,,,,,,,,,,11
120:02M,36,864,,,,,,,,,,,,,,,,,,,,,,,,,,,,,,,,,,,,,13.4,,,,,,,,,,,,,1
120:04M,20,480,,,,,,,,,,,,,,,,,,,,,,,-1,-0.3,-0.8,0,0.1,1.9,2.6,3.4,3.7,6.7,8.9,9.7,12.4,15.7,17.9,,,,,,,,,,,,,15
120:05M,5,120,,,,,,,,,-1.5,-1.2,-1.1,-0.9,-0.8,-0.4,-0.1,0.5,1.1,2,3.2,4.5,5.2,6.6,7.9,9.8,10.4,12.6,13.8,15,16.2,16.7,18.5,21.1,21.6,,,,,,,,,,,,,,,,,25
120:06M,36,864,,,,,,,,,,,,,,,,,,,,,,,,,,,,,,,,,,,,,-1.3,-1.1,-0.1,1,1.2,2.7,3.9,5,5.5,7.8,8.8,11.2,13,13
120:07M,50,1200,,,,,,,,,,,,,,,,,,,,,,,,,,,,,,,,,,,,,,,,,,,,,,,10.2,12.2,15.7,3
120:07M,20,480,,,,,,,,,,,,,,,,,,,,,,,-1.3,-1.1,-1,-0.4,0.2,0.9,1.3,1.7,2.7,3.6,4.4,6,7.8,9.9,11.8,15.8,18.1,20.2,20.7,,,,,,,,,19
120:08M,4,96,,,,,,,,,,,,,,,,,,,,,,,,,,,-0.7,-0.2,0.6,1.1,-1,2.3,3.5,4.9,6,8.1,9.8,13,15,17,17.5,19.8,20.5,20.8,,,,,,18
120:08M,51,1224,,,,,,,,,,,,,,,,,,,,,,,,,,,,,,,,,,,,,,,,,,,,,,,8.6,10.5,14.5,3
120:09M,30,720,,,,,,,,,,,,,,,,,,,,,,,,,,,,,,,,-1.2,-1,-0.8,0.2,1.3,0.7,3.4,3.5,4.7,5.6,7.6,9.5,11.6,13.2,17.2,18.2,20.5,,17
120:10M,33,792,,,,,,,,,,,,,,,,,,,,,,,,,,,,,,,,,,,-0.6,-0.7,0.4,1.6,2.6,3.9,4.5,6.7,8.4,10.7,11.4,16.2,12.5,18.9,,14
160:01K,16,384,,,,,,,,,,,,,,,,,,-1,-0.8,-0.7,-0.8,0.2,0.9,1.6,1.5,2.8,3.2,4.4,5.2,6.1,7.3,9.2,12.8,14.2,16.9,21,,,,,,,,,,,,,,19
160:02K,18,432,,,,,,,,,,,,,,,,,,,,-1.2,-1,-0.6,0,0.1,-0.6,1.2,-0.6,0.2,0.9,1.3,2.1,3.2,5.2,6.2,8.1,10.6,13.5,18.2,,,,,,,,,,,,19
160:03K,25,600,,,,,,,,,,,,,,,,,,,,,,,,,,,,-1.4,-1,-0.7,-0.1,-0.8,2.2,2.4,5.4,4,5.9,9.3,13,17.4,19.1,,,,,,,,,14
160:03K,25,600,,,,,,,,,,,,,,,,,,,,,,,,,,,-1.3,,,,,,,,,,,,,,,,,,,,,,,1
160:04K,22,528,,,,,,,,,,,,,,,,,,,,,,,,-0.2,-0.8,-0.4,0,1.6,2.8,3.4,4.8,7.2,11.1,12.5,16.9,,,,,,,,,,,,,,,12
160:04K,43,1032,,,,,,,,,,,,,,,,,,,,,,,,,,,,,,,,,,,,,0.8,2.1,3.6,5.6,7,11.7,15.2,18.6,19.3,,,,,9
160:05L,30,720,,,,,,,,,,,,,,,,,,,,,,,,,,,,,,,,-0.8,-0.3,0,-0.6,0.8,0.6,1.6,1.5,2.5,3.2,6.1,7.1,9.9,11.3,17,18.4,19.7,20.7,18
160:06L,32,768,,,,,,,,,,,,,,,,,,,,,,,,,,,,,,,,,,,,,,,,-0.8,-0.1,0.6,2.1,3.6,4.1,7.8,9.4,14,17.9,10
160:07L,38,912,,,,,,,,,,,,,,,,,,,,,,,,,,,,,,,,,,,,,,,,-1.6,-1.2,-0.4,0.5,2.1,2.9,6.8,9.8,12.6,16.5,10
160:07L,17,408,,,,,,,,,,,,,,,,,,,,-1.7,-1.3,-0.7,0.1,-0.3,-0.1,0.9,1.4,2.6,3.6,4.4,5.7,7.6,10.1,12.1,13.6,,,,,,,,,,,,,,,16
160:08L,30,720,,,,,,,,,,,,,,,,,,,,,,,,,,,,,,,,,,,,,,,,-1.3,-1.3,-0.4,0.5,1.9,2.3,5.5,7.8,9.7,12.6,10
160:08L,18,432,,,,,,,,,,,,,,,,,,,,-1.3,-0.9,-0.1,0.8,0.3,1.1,2.7,4.4,6.4,8.2,9.8,12.3,15.7,18.4,19,20.1,,,,,,,,,,,,,,,16
216:08L,36,864,,,,,,,,,,,,,,,,,,,,,,,,,,,,,,,,,,,,,,-1.4,-1.1,-0.5,0.7,1.9,2.4,3.8,4.4,6.9,8.4,,,10
AM0105,4,96,,,,,,,,,,,,,,,,,-1.4,,,,,,,,,,,,,,,,,,,,,,,,,,,1.6,,,,,,2
BC1496,40,960,,,,-1.8,-1.6,,,,-1.3,,,,-0.8,,,,,,,,,,,,,,,,,,,,,,,,,,,,,,,,,,,,,4
BC1498,40,960,,,,,,,,,-1.3,,,,,,,,,,,,,,,,,,,,,,,,,,,,,,,,,,,,,,,,,1
BC CUVE 1,46,1104,,,,0.4,0.5,0.5,,,0.76,,,,0.6,,,,0.7,0.7,1,0.9,,,,1,,,1.4,,1.6,1.8,1.9,,,3.2,3.1,3.7,4.9,,8.4,15.8,,21.5,,22,22.1,,,,,23
CO0003,35,840,,,,1,,,,,0.8,,,,2.1,,,,2.7,,,,,,,,,,,,,,,,,,,,,,,,,,,,,,,,,4
CO0004,35,840,,,,,,,,,,,,,,,,,,,,,,,,,,,4.8,,,6.7,7.4,,,11,12.9,,,,,,,,,,,,,,,5
CO1203,46,1104,,,,0.7,,,,,0.6,,,,2,,,,2.6,,2.6,,,,,,,,,,,,,,,,,,,,,,,,,,,,,,,5
CUVE2,36,864,,,,,,,,,,,,,,,,,,,,,,,,,,,,,,,,,,,,,,,-0.7,1.3,14.1,4.6,,16.3,19.6,,,,,6
CUVE 3,20,480,,,,,,,,,,-1.2,-1.2,-1.2,-1.2,,,-1.1,-1.1,-1.1,-0.9,-0.1,,,,,,,,,,,,,,,,,,,,,,,,,,,,,,9
KGCO02,35,840,,,,-1.4,,,,,,,,,,,,,,,,,,,,,,,,,,,,,,,,,,,,,,,,,,,,,,1
KGCO03,4,96,,,,,,,,,-2.4,,,,-2.3,,,,-1.4,,-2,,,,,,,,0.4,,,3.8,5.2,,,10,11.5,,,,,,,,,,,,,,,9
KGMV03,46,1104,,,,,,,,,,,,,-0.2,,,,,,,,,,,,,,,,,,,,,,,,,,,,,,,,,,,,,1
KGMV05,46,1104,,,,,,,,,,,,,0,,,,,,,,,,,,,,,,,,,,,,,,,,,,,,,,,,,,,1
KGMV06,49,1176,,,,,,,,,,,,,,,,,,,,,,,,,,,5.2,,,7.1,7.8,,,9.9,10.5,11.2,12.1,,13.6,14.7,15.6,16.6,,19.8,21.3,,,,,13
KGMV11,42,1008,,,,,,,,,,,,,,,,,,,,,,,,,,,,,,,,,,,,,,,,,,,,,-0.4,,,,,1
KGMV12,49,1176,,,,,,,,,,,,,,,,,,,,,,,,,,,7.8,,,8.8,9,,,10.5,11.1,11.9,12.7,,14.8,16.1,17.4,19.1,,22.2,22.7,,,,,13
KGMV13,46,1104,,,,,,,,,,,,,0,,,,,,,,,,,,,,,,,,,,,,,,,,,,,,,,,,,,,1
KGMV14,49,1176,,,,,,,,,,,,,,,,,,,,,,,,,,,7.6,,,8.8,9.2,,,10.6,11.2,12.1,12.9,,14.8,16,17.2,18.8,,21.8,22.5,,,,,13
KGMV17,4,96,,,,,,,,,-2.1,,,,-2.3,,,,-2.1,,-2.1,,,,,,,,-1.6,,,-0.6,-0.3,,,1.6,2.3,3.3,4.7,,8.2,11.8,14.1,19.4,,,,,,,,15
KGMV18,4,96,,,,,,,,,-2.1,,,,-2.2,,,,-2.2,,-1.9,,,,,,,,-1.9,,,-0.6,-0.1,,,1.9,2.8,3.9,5.3,,9.1,12.6,16.5,19.7,,,,,,,,15
KGMV19,49,1176,,,,,,,,,,,,,,,,,,,,,,,,,,,7.5,,,8.6,9.1,,,10.3,11,11.9,12.9,,14.7,16,17.5,19.2,,22.2,22.5,,,,,13
KGMV20,46,1104,,,,,,,,,,,,,0,,,,,,,,,,,,,,,,,,,,,,,,,,,,,,,,,,,,,1
KGMV21,41,984,,,,,,,,,,,,,,,,,-1.4,,-0.1,,,,,1.4,,,2.4,,,5.1,6.2,,,9.5,11.1,12.8,15.8,,20.6,21.3,21.3,21.4,,,,,,,,14
MVFP01,24,576,,,,,,,,,,,,,-1.1,,,-1,-1,-1.1,-1.2,-0.4,,-0.9,-0.4,3.4,6.6,,,,,,,,,,,,,,,,,,,,,,,,,10
MVFP02,51,1224,,,,,,,,,,,,,,,,,,,,,,,,,,,,,,,,,,,,,,,,,,1,,,,,,,,1
MVFP03,51,1224,,,,,,,,,,,,,,,,,,,,,,,,,,,,,,,,,,,,,,,,,,2.4,,,,,,,,1
MVFP05,28,672,,,,,,,,,,,,,,,,-1.3,-1.3,-1.1,-1.4,-0.6,,-1.3,-1.1,-1.2,-0.7,,6.4,,,,,,,,,,,,,,,,,,,,,,,10
MVFP06,28,672,,,,,,,,,,,,,,,,-1.3,-1.1,-1,-1.4,-1,,,-1.1,-1.1,-0.8,,2.5,,,,,,,,,,,,,,,,,,,,,,,9
MVFP07,24,576,,,,,,,,,,,,,-1,,,-0.8,-0.8,-0.8,-1.2,-0.8,,-1,-0.5,0.9,6.4,,,,,,,,,,,,,,,,,,,,,,,,,10
MVFP08,27,648,,,,,,,,,,,,,,,,,,,,,,,,,,,,,,-1.4,-1.5,-1.2,-1.2,-1.3,-1.1,-0.5,1.2,2.7,4.1,6.3,11.3,12.8,14.8,16.3,22.2,24,,,,17
MVFP09,47,1128,,,,,,,,,,,,,,,,,,,,,,,,,-1.4,,-1.5,,,-1.4,-1.5,-1.5,-1.4,-1.5,-1.3,-1.4,-1.3,-1,-1.4,-0.8,0.4,0.5,2.8,7.1,14.4,23,26.4,25.7,,21
NV0423,17,408,,,,,,,,,,,,,,,,,,,-1.6,,,,,,,,-1.6,,,,,,,,,-1.3,,,,,,,,,,,,,,3
NV0624,17,408,,,,,,,,,,,,,,,,,,,-1.6,,,,,,,,,,,,,,,,,-0.4,,,,,,,,,,,,,,2
PT02,23,552,,,,,,,,,,,,,,,,,,,,,,,,,,,-0.9,,,0.6,,,,,,,,,,,,,,,,,,,,2
PT05,51,1224,,,,,,,,,,,,,,,,,,,,,,,,,,,,,,,,,,,,-1.1,,,,,,,,,,,,,,1
PT07,9,216,,,,,,,,,,,,,,,,,,,,,,,,,,,-1.2,,,-0.6,,,,,,,,,,,,,,,,,,,,2
PTCO601,35,840,,,,,,,,,,,,,,,,,,,,,,,,,,,,,,7.4,9,,,12.3,13.6,15.4,,,,,,,,,,,,,,5
PTCO602,46,1104,,,,-1.2,,,,,-0.7,,,,-0.2,,,,,,1,,,,,,,,4.2,,,5.4,5.8,,,7.1,8,8.8,,,11.5,13.3,14.1,15.7,,20.2,,,,,,15
Pick Bin 1,24,576,,,,,,,,,,,,,-0.9,,,-1,-1,-0.9,-1,-0.7,,,-0.4,-0.2,4.4,,,,,,,,,,,,,,,,,,,,,,,,,9
VCBC01,41,984,,,,,,-1.6,,,-1.6,,,,,,,,,,,,,,,,,,,,,,,,,,,,,,,,,,,,,,,,,2
VCBC01,52,1248,,,,-0.3,,,,,,,,,,,,,,,,,,,,,,,,,,,,,,,,,,,,,,,,,,,,,,1
VCBC02,42,1008,,,,-1.3,,-1.2,,,-1.3,,,,-0.8,,,,,,,,,,,,,,,,,,,,,,,,,,,,,,,,,,,,,4
VCBC05,40,960,,,,-1.7,,,,,,,,,,,,,,,,,,,,,,,,,,,,,,,,,,,,,,,,,,,,,,1
VCBC05,52,1248,,,,,,,,,,,,,-0.8,,,,,,,,,,,,,,,,,,,,,,,,,,,,,,,,,,,,,1
VCBC05,52,1248,,,,,,,,,,,,,,,,,-0.5,,-0.3,,,,,0.1,,,0.8,,,1.9,2.3,,,3.8,4.6,5.6,8.2,,9.8,17.9,19.9,20.5,,20.2,20.7,,,,,16
VCBC07,34,816,,,,,,,,,,,,,,,,,,,,,,,,,,,,,,,,,,,,,,,-1,0.3,2.4,0.7,,3,4.4,,,,,6
VCBC08,41,984,,,,-1.7,,,,,,,,,,,,,,,,,,,,,,,,,,,,,,,,,,,,,,,,,,,,,,1
VCBC08,46,1104,,,,,,,,,,,,,1,,,,1.3,,1.6,,,,,2.2,,,3,,,4.3,4.9,,,6.7,7.8,9.1,12.1,,18.1,20.4,21.4,21.8,,21.4,21.8,,,,,17
VCBC09,52,1248,,,,0,,0,,,,,,,0.3,,,,0.5,,0.8,,,,,,,,,,,,,,,,,,,,,,,,,,,,,,,5
VCBC09,52,1248,,,,,,,,,,,,,,,,,,,,,,,,,,,-0.1,,,0.8,0.8,,,1.1,1.4,2.2,,,5,7.2,9.6,12.6,,19.7,20.9,,,,,12
VCBC11,46,1104,,,,-0.4,,,,,-0.2,,,,,,,,,,,,,,,-1.8,,,-1.6,,,-0.9,-0.6,,,0.9,1.8,2.5,,,8,13,18.2,21,,21.9,22,,,,,15
VCDD01,49,1176,,4.5,4.5,,,4.7,,,,5,,,,,,,,,,,,,6.3,,,,,,,,,,,,,,,,,,,,,,,,,,,5
VCDD01,49,1176,,,,,,,,,,,,,,,,,,,,,,,,,,,7,,,7.8,8.2,,,9.4,9.7,11.3,11.7,,15.8,17.6,20,21.4,,22.7,22.7,,,,,13
VCSL01,35,840,,,,1.1,,,,,1.7,,,,2.2,,,,2.7,,,,,,,,,,,,,,,,,,,,,,,,,,,,,,,,,4
VCSL05,35,840,,,,0.6,,,,,0.8,,,,1.8,,,,2.2,,,,,,,,,,,,,,,,,,,,,,,,,,,,,,,,,4