Vessel,Days,houes,20/5/23,19/5/23,18/5/23,17/5/23,16/5/23,15/5/23,14/5/23,13/5/23,12/5/23,11/5/23,10/5/23,9/5/23,8/5/23,7/5/23,6/5/23,5/5/23,4/5/23,3/5/23,2/5/23,1/5/23,30/4/23,29/4/23,28/4/23,27/4/23,26/4/23,25/4/23,24/4/23,23/4/23,22/4/23,21/4/23,20/4/23,19/4/23,18/4/23,17/4/23,16/4/23,15/4/23,14/4/23,13/4/23,12/4/23,11/4/23,10/4/23,9/4/23,8/4/23,7/4/23,6/4/23,5/4/23,4/4/23,3/4/23,2/4/23,counter
1:01C,20,480,,,,,,,,,,,,,,,,,,,,,,13.6,14,15.1,15.6,14.1,15.7,15.9,16,15.5,15.5,15.6,15.5,,,,,,,,,,,,,,,,,12
1:01C,45,1080,,,,,,,,,,,,,,,,,,,,,,,,,,,,,,,,,,,,,,,,,,,,,,,16.1,17.2,17.5,3
1:02C,14,336,,,,,,,,,,,,,,,,,,,,,,,,,,,,,,,,,,,,,,,,,,,13.5,13.7,12.5,10.3,15.2,15.4,13.8,7
1:02C,17,408,,,,,,,,,,,,,,,,,,,13.9,13.5,12.8,10.4,10.3,12.8,14.4,9.4,15.2,,,,,,,,,,,,,,,,,,,,,,,9
1:03C,25,600,,,,,,,,,,,,,,,,,,,,,,,,,,,,,15.8,15.7,15.9,15.9,15.9,15.5,14.7,15.6,15.6,15.8,15.5,,,,,,,,,,,11
1:03C,8,192,,,,,,,,,,12.4,15.4,15.6,13.4,14.8,13.8,13.7,13.8,14.7,15.4,13.8,,,,,,,,,,,,,,,,,,,,,,,,,,,,,,11
1:06C,14,336,,,,,,,,,,,,,,,,13.7,13.7,13.9,13.8,13,12,12.1,11.8,11.7,12,10.2,10,9.8,9.7,9.9,14,15,15.12,,,,,,,,,,,,,,,,,18
2:02B,15,360,,,,,,,,,,,,,,,,,16.5,16.5,16,16,16.1,16.4,16.7,17.2,17.4,17,18.3,13.8,15.1,14.7,14.8,14.3,13.8,13.6,12.8,10.9,10.8,10.9,11.7,12.8,13.5,15.3,,,,,,,,26
2:03C,23,552,,,,,,,,,,,,,,,,,,,,,,,,,,,,,,,,,,,,,,,11.9,15.5,15.3,,,,,,,,,3
2:04C,14,336,,,,,,,,,,,,,,,,13.5,13.8,13.2,15,13.4,13.1,13.8,13.6,13.7,14,12.7,,,,,,,,,,,,,,,,,,,,,,,,11
2:04C,9,216,,,,,,,,,,,,,,,,,,,,,,,,,,,,,,,16.8,14.9,13.8,13.4,15.6,13.5,12.5,12.4,12,12.4,12.2,12.3,12.1,12.5,12.4,12.8,12,12.1,15.5,19
2:09C,38,912,,,,,,,,,,,,,,,,,,,,,,,,,,,,,,,,,,,,11.8,15.9,16,16,,,,,,,,,,,4
2:09C,23,552,,,,,,,,,,,,,,,,,,,,,,,,,12.8,11.5,14.2,14.4,14.4,14.4,11.5,13.4,12,12.5,11.7,,,,,,,,,,,,,,,11
3:01B,37,888,,,,,,,,,,,,,,,,,,,,,,,,,,,,,,,,,,,,,,,,,,,14,15.4,15.1,14.5,14.1,13.6,20.8,7
3:01B,23,552,,,,,,,,,,,,,,,,,,,,,,,,,,,,,,,,,,,11.9,11.9,11.9,,,,,,,,,,,,,3
5:01B,15,360,,,,,,,,,,,,,,,,,,,,,,,,,,,13.1,13.2,13.3,13.2,13.3,13.4,13.4,13.3,13.3,13.4,13.4,12.4,12.3,12.4,12.2,12.2,12,12.3,12.2,12.5,14.5,13.6,14,23
5:03B,18,432,,,,,,,,,,,,,,,,,,,,,13,13.1,12.8,13.3,13.8,12.5,13.7,13.9,13.5,13.4,13.5,13.5,13.3,13.5,13.3,13.4,12.6,11.9,12.3,12,11.9,11.9,11.8,11.8,12.8,12.4,12,12.6,14.7,29
5:04B,19,456,,,,,,,,,,,,,,,,,,,,,,,,,,,,,,,,,,,,,,,,,,,15.5,15.9,16,15.6,15.6,13.8,13.6,7
5:05C,4,96,,,,,,,,,,,,,,,,,,,,,,,,,,,,,,,,,,,,,,,,,,,12.6,11.9,13.3,14,13.6,14.2,13.5,7
5:05C,4,96,,,,,17.7,,,,,,,,,,,,,,,,,,,,,,,,,,,,,,,,,,,,,,,,,,,,,1
5:09C,38,912,,,,,,,,,,,,,,,,,,,,,,,,,,,,,,,,,,,,,,,,13.5,13.3,13.5,13,13.4,13.6,13.4,12.9,13.1,12.7,10
5:10C,30,720,,,,,,,,,,,,,,,,,,,,,,,,,,,,,,,,,,,,,,,,,,,13.8,13.4,13.4,13.5,13,12.8,17.3,7
5:10C,19,456,,,,,,,,,,,,,,,,,,,,,17.1,,,,,,,,,,,,,,,,,,,,,,,,,,,,,1
5:11C,34,816,,,,15.6,14.9,15.4,15.1,,12.7,14,14.5,14.8,14.8,16.8,14.7,14.3,14.6,14.6,13.4,14,13.3,13.3,13.4,13.7,13.7,12.3,12.8,12.9,12.7,12.9,13,14.9,14.9,15,14.9,,,,,,,,,,,,,,,31
5:13D,45,1080,,,,,,,,,,,,,,,,,,,,,,,,,,,,,,,,,,,,,,22.3,24,22,22.4,23.2,,31.5,27.8,22.7,11.8,9..4,,10
5:14D,43,1032,,,,,,,,,,,,,,,,,,,,,,,,,,,,,,,33,26,24.9,28.9,26.1,22.1,23.6,25.9,27.3,27.7,25.4,23.4,,12.3,,,,,,13
5:15D,21,504,,,,,,,,,,,,,,,,,,,,,,,,20.8,,,,,,20.4,20.2,20.2,20.8,21.5,22.1,26.5,30.2,34.2,,,,,,,,,,,,10
5:16D,21,504,,,,,,,,,,,,,,,,,,,,,,,,26,,,,,,26,28.2,27.5,26,24.7,20.9,23.4,25.3,27.4,29.8,27.6,19.2,12.8,,,,,,,,14
5:18D,44,1056,,,,,,,,,,,,,,,,,,,,,,,,,,,,,,,,,,,25.7,21.3,21.4,23.3,25.3,26.5,28.9,28.4,,20,11,,,,,10
5:19D,31,744,,,,,,,,,,,,,,,,,,,,,,,,,,,,,,,,,,,27,21,21.6,25.2,28.1,26.4,22.7,27,,34.6,26.6,,,,,10
7:01B,19,456,,,,19.1,18.3,17.8,16.8,,16.8,17.8,17.7,17.8,17.6,17.4,17.9,17.6,17.9,17.7,17.4,,17.3,,,,,,,,,,,,,,,,,,,,,,,,,,,,,16
7:03B,11,264,,,,,,,,,,,,,,,,,,,,,,,17.2,17.4,17.5,13.3,13.7,13.9,13.9,13.9,12.8,11.7,11.8,14.2,14.2,12,11.8,,,,,,,,,,,,,15
7:04B,32,768,,,,,,,,,,,,,,,,,,,,,,,,,,,,,,,,14.9,14,,,,,,,,,,,,,,,,,2
7:07F,30,720,,,,,,,,,,,,,,,,,,,,,,,,25.5,,,,,,34.7,22.7,,,,,,,,,,,,,,,,,,,3
7:07F,0,0,,,,-3.1,,,,,,,,,,,,,,,,,,,,,,,,,,,,,,,,,,,,,,,,,,,,,,1
7:07F,38,912,,,,,,,,,,,,,,,,,,,,,,,,,,,,,,,,,,,,,,,,,,24.3,,27.1,28,28.5,28,18.2,,6
7:08F,37,888,,,,,,,,,,,,,,,,,,,,,,,,,,,,,,,,,31.3,31.8,23.3,20,21.6,14.8,,,,,,,,,,,,6
7:09F,35,840,,,,,,,,,,,,,,,,,,,,,,,,,,,,,,18.5,16.8,18.1,18.6,18.5,19.5,19,18.7,22,15.8,16.4,,,,,,,,,,11
7:10F,33,792,,,,,,,,,,,,,,,,,,,,,,,,,,,,,,4.7,5.8,13.6,12.1,18.1,,,,,,,,,,,,,,,,5
7:10F,49,1176,,,,,,,,,,,,,,,,,,,,,,,,,,,,,,,,,,,,,,,,,,24.7,,27.3,28.4,20.9,29,18.8,,6
7:11F,42,1008,,,,,,,,,,,,,,,,,,,,,,,,,,,,,,22.5,23,22.4,23.4,23.8,25.9,27.7,27,30,31.8,32.6,,20,,,,,,,,12
7:12F,38,912,,,,,,,,,,,,,,,,,,,,,,,,,,,,,,,18.1,18,21.8,18.6,18.7,20,20.2,16.5,13.7,,,,,,,,,,,9
8:02F,30,720,,,,,,,,,,,,,14.5,,,,,,,,,,,26.1,,,,,,14.2,14.7,14.9,15.2,,,,,,,,,,,,,,,,,6
8:04F,43,1032,,,,,,,,,,,,,,,,,,,,,,,,,,,,,,,,26.3,24.2,26.4,25.6,22.4,26.5,29.5,27.8,28,,22,,13.4,,,,,,11
8:05F,50,1200,,,,,,,,,,,,,,,,,,,,,,,,,,,,,,,,,,,,,,,,22.8,,21.6,,21.7,23.8,24.3,29.5,23.4,18.5,8
8:06F,32,768,,,,,,,,,,,,,,,,,,,,,,,,,,,,,,,15.5,15.2,14.6,14.1,,,,,,,,,,,,,,,,4
8:06F,50,1200,,,,,,,,,,,,,,,,,,,,,,,,,,,,,,,,,,,,,,,,21.8,,21,,21,23.4,23.6,25,23.4,19.7,8
8:06F,18,432,,,,,,,,,,,,,,,,,,,,,,,,,,,,,,,,,,,,,,,,,,,,,,,,,,5
8:07F,50,1200,,,,,,,,,,,,,,,,,,,,,,,13,13.25,13.5,13.75,14,14.25,14.5,14.75,15,15.25,15.5,15.75,16,16.25,16.5,16.75,17,17.25,17.5,17.75,18,18.25,18.5,18.75,19,20.4,17.1,8
8:08F,55,1320,,,,,,,,,,,,,,,,,,,,,,,,,,,,,,,,,,,,,,,,22,,20.4,,22.2,22.5,22.7,21.8,21.9,,7
8:12F,50,1200,,,,,,,,,,,,,,,,,,,,,,,,,,,,,,,,,,,,,,,,,,,,,,,,,,2
8:16F,21,504,,,,,,,,,,,,,,,,,,,,,,,13.3,13.9,14.4,14.15,15.6,15.65,15.7,15.8,15.8,15.6,14.8,14.3,14.2,14.4,13.3,13,12.8,12.9,13,12.74,13.3,12.7,14.2,15.1,15,,,23
10:02A,22,528,,,,,,,,,,,,,,,,,,,,,,,,,,,,,,,,,,,,,,1,,13.9,13,13.9,12.7,13.4,13.3,12.4,11.9,12.4,13,10
10:03A,22,528,,,,,,,,,,,,,,,,,,,,,,,,12.4,12.8,11.3,12.8,12.9,11.9,11.8,11.9,11.9,11.9,12.1,11.9,11.4,11.4,11.4,11.3,13.9,14,12.8,,,,,,,,19
10:05A,28,672,,,,,,,,,,,,,,,,,,,,,,,,,,,,,,,,,,,,,,,,,,,,,,,,,5.9,1
10:06A,23,552,,,,,,,,,,,,,,,,,,,,,,,,,,,,,,,,,,,9.9,10.1,13,13,12.9,13,12.8,12.8,11.5,13,12.1,12.9,11.8,15.4,16.6,15
10:07A,15,360,,,,,,,,,,,,,,,,,,,,,,,,,,,16.1,16.3,16.3,16.3,16.2,15.6,15,14.3,13.9,13.3,12.4,12.4,12.3,16.1,12.5,12.4,11.5,12.3,12,12.4,11.6,17,15.7,23
10:08A,28,672,,,,,,,,,,,,,,,,,,,,,,,,,,,,,,,,,,,,14.4,15.8,16.1,15.7,15.1,15.3,14.5,13.9,15.3,14.4,14.6,12.8,17,,13
10:09A,33,792,,,,,,,,,,,,,,,,,,,,,,,,,,,,,,4.9,6.8,13.5,13.1,14.4,,,,,,,,,,,,,,,,5
10:10B,9,216,,,,,,,,,,,17.1,17.1,17,16.8,16.7,16.1,16.3,15.9,15.5,15.3,15.1,15.1,15,14.7,14.7,14.7,15,14.6,14.7,14.8,14.8,15,14.8,13.5,12.9,12.5,11.9,11.8,11.9,11.8,13.7,13.7,14.6,15.6,15.2,,,,,35
10:11B,16,384,,,,,,,,,,,,,,,,,,16,15.4,14.9,14.6,14.3,14,13.8,13.8,13.4,13.2,12.5,12.8,13.3,13.3,12.7,12.6,12.2,11.6,11.3,11.8,11.3,11.9,11.7,15,,,,,,,,,24
10:12B,3,72,,,,,,,,,,,,,,,,,,,,,,,,,,,,,,,,,,,14.3,14.4,13.9,,13.9,13.8,13.9,15.9,13.6,,,,,,,8
10:13B,25,600,,,,,,,,,,,,,,,,,,,,,,,,,,,,,,18.1,17.8,17.5,16.8,16.3,15.6,15,14.3,13.1,12.9,12.4,12.4,12.4,12.7,12.4,12.9,16,15.2,15.2,16.1,20
10:14B,15,360,,,,,,,,,,,,,,,,,13.7,13.6,13.9,14,13.8,13.7,13.7,13.8,13.7,12.6,11.9,11.9,11.8,11.8,11.9,10.8,10.9,11.8,11.7,15.8,,,,,,,,,,,,,,20
10:14B,43,1032,,,,,,,,,,,,,,,,,,,,,,,,,,,,,,,,,,,,,12.8,,,,19.7,,,,,,,,,2
12:02D,25,600,,,,,,,,,,,,,,,,,,,,,,,,,,,13.6,13.7,14,13.9,13.8,13.9,14,13.5,13.1,12.6,13.7,14.6,14.5,,,,,,,,,,,13
12:05D,12,288,,,,,,,,,,,,,,,,14.2,13.8,14.9,14.9,14.1,13.6,13.9,13.2,14.1,14.3,13.2,14.6,14.9,15,15,14.7,14.9,15,15,14.6,14.9,,,,,,,,,,,,,,21
12:06D,13,312,,,,,,,,,,,,,,,19.8,19.7,19.9,20.8,20.1,19.2,19.6,19.8,18.2,19.2,20.1,22.7,15.5,15.9,15.9,15,15.5,15.6,16,15.7,15.2,14.8,15.7,15.3,15,,,,,,,,,,,25
12:07D,20,480,,,,,,,,,,,,,,,,,,,,,,16.4,15.9,16.1,16.1,15.8,15,14.4,14.6,13.8,14.2,14.2,14.4,14.4,13.9,13.1,12.7,11.9,11.9,12.3,12.8,13.8,14.2,,,,,,,22
12:08D,26,624,,,,,,,,,,,,,,,,,,,,,,,,,,,,,16.4,16.4,16,14.9,13.86,13.9,13.8,13.9,12.1,11.9,11.9,11.7,12.6,,,,,,,,,13
12:09E,38,912,,,,,,,,,,,,,,,,,,,,,,,,,,,,,,,,,,13.5,13.4,12.8,12.6,16.5,16.8,,,,,,,,,,,6
12:10E,38,912,,,,,,,,,,,,,,,,,,,,,,,,,,,,,,,,,,13.5,13.4,12.9,12.7,16.5,16.9,,,,,,,,,,,6
12:11E,21,504,,,,,,,,,,,,,,,,,,,,,,12.9,14.2,15.1,15.3,14.5,14.5,13,13.1,11.4,12.8,12.8,12.9,11.5,12.8,15.4,,,,,,,,,,,,,,15
12:12E,23,552,,,,,,,,,,,,,,,,,,,,,,,,15.1,15.3,15.3,14.6,12.1,12.1,11.6,11.7,11.8,13.6,12.1.,12.5,14.7,,,,,,,,,,,,,,13
13:02E,23,552,,,,,,,,,,,25.12,25.38,25.66,,,,,,,,,,,30,,,,,,,,,,,,,,,,,,,,,,,,,,4
13:03E,31,744,,,,,,,,,,,,,,,,,,,,,,,,24.8,,,,,,29.6,21.7,16.3,,,,,,,,,,,,,,,,,,4
13:03E,32,768,,,,,,,,,,,,,,,,,14.4,,,,,,,,,,,,,,,,,,,,,,,,,,,,,,,,,1
13:04E,33,792,,,,,,,,,,,,,,,,,,,,,,,,24.8,,,,,,27.8,28.8,26.8,34.9,20,15.6,,,,,,,,,,,,,,,7
13:05E,31,744,,,,,,,,,,,,,,,,,,,,,,,,20,,,,,,31.2,34.9,23,,,,,,,,,,,,,,,,,,4
13:06E,44,1056,,,,,,,,,,,,,,,,,,,,,,,,,,,,,,,,,,,,19.7,21.5,21.23,23.6,28.3,26.7,30.7,,19.8,8.6,,,,,9
13:07E,31,744,,,,,,,,,,,,,,,,,,,,,,,,20,,,,,,30.1,35.7,25.5,,,,,,,,,,,,,,,,,,4
13:08E,31,744,,,,,,,,,,,,,,,,,,,,,,,,22,,,,,,31.4,24,17.3,,,,,,,,,,,,,,,,,,4
13:09E,37,888,,,,,,,,,,,,,,,,,,,,,,,,,,,,,,,19.8,20.5,22.6,23.1,24.7,25.7,29.9,32,,,,,,,,,,,,8
13:10E,9,216,,,,,,,,,21.2,23.6,25.37,25.03,25.13,,,,,,,,,,,,,,,,,,,,,,,,,,,,,,,,,,,,,5
13:10E,37,888,,,,,,,,,,,,,,,,,,,,,,,,,,,,,,,20,20.3,21.9,23,24,28.7,26.8,26.2,,,,,,,,,,,,8
13:11E,25,600,,,,,,,,,,,,,,,,,,,,,,,,,,,,,,20.7,20.4,20.8,20.6,22.6,24.8,25.5,26.3,29.1,34.5,27,15.9,17.1,,,,,,,,13
13:12E,37,888,,,,,,,,,,,,,,,,,,,,,,,,,,,,,,,,,,23.3,23.8,28.7,31.5,27.6,,,,,,,,,,,,5
13:12E,23,552,,,,,,,,,,,25.11,25.01,25.5,,,,,,,,,,,25,,,,,,,,,,,,,,,,,,,,,,,,,,4
13:13E,44,1056,,,,,,,,,,,,,,,,,,,,,,,,,,,,,,,,,,,,21.8,20.7,22.5,23.4,24.6,25.8,29.4,,14.2,12.1,,,,,9
13:13E,18,432,,,,,,,,,20.17,24.4,25.57,24.99,25.44,,,,,,,,,,,,,,,,,,,,,,,,,,,,,,,,,,,,,5
13:14E,24,576,,,,,,,,,20.98,24.97,26.42,25.45,,,,,,,,,,,,30.03,,,,,,,,,,,,,,,,,,,,,,,,,,5
13:14E,37,888,,,,,,,,,,,,,,,,,,,,,,,,,,,,,,,,,,27.1,26.7,26,33.8,20.4,,,,,,,,,,,,5
13:15E,44,1056,,,,,,,,,,,,,,,,,,,,,,,,,,,,,,,,,,,,20.9,22,23.2,23.4,25.2,25.7,27.3,,14.5,10,,,,,9
13:16E,44,1056,,,,,,,,,,,,,,,,,,,,,,,,,,,,,,,,,,,,20.6,22.7,23.6,23.5,25.2,26.8,30.7,,22.5,11,,,,,9
13:17E,30,720,,,,,,,,,,,,,,,,,,21,21,21,21,24,27,29.9,25,22,19,15,14,13.1,12.8,14,13.8,,,,,,,,,,,,,,,,,5
13:17E,44,1056,,,,,,,,,,,,,,,,,,,,,,,,,,,,,,,,,,,,23.1,23.1,22.8,23.5,25,26.7,29.8,24,20.6,14,,,,,8
13:18E,17,408,,,,,,,,,,,,,,,,,,,8,15.8,15.2,14.5,13.5,13.8,13.8,13.7,13.9,12.9,12.9,12.9,12.8,12.8,12.7,12.8,15,,,,,,,,,,,,,,,17
13:18E,44,1056,,,,,,,,,,,,,,,,,,,,,,,,,,,,,,,,,,,,,23.6,24.8,24.6,25.5,26.4,28.3,,19.3,11.3,,,,,8
13:19E,44,1056,,,,,,,,,,,,,,,,,,,,,,,,,,,,,,,,26.3,22.6,25.5,20.7,20.8,22.7,23.7,25.9,26.6,,33.6,,32,15.4,,,,,12
13:19E,29,696,,,,,,,,,21.05,24.54,25.38,25.61,25.04,,,,,,,,,,,,,,,,,,,,,,,,,,,,,,,,,,,,,5
13:20E,44,1056,,,,,,,,,,,,,,,,,,,,,,,,,,,,,,,,28,24.3,26.3,26.1,21.1,20.8,24.2,25.3,25.3,,28.7,,26.5,26.6,,,,,12
13:20E,29,696,,,,,,,,,20.99,24.45,25.56,25.32,25.24,,,,,,,,,,,,,,,,,,,,,,,,,,,,,,,,,,,,,5
13:21E,45,1080,,,,,,,,,,,,,,,,,,,,,,,,,,,,,,,,,,,,,21.8,25.9,29.8,26.2,,27.7,,30.8,28.2,24.6,,,,8
13:22E,45,1080,,,,,,,,,,,,,,,,,,,,,,,,,,,,,,,,,,,,,,25.8,28.8,28,,26,,31.7,30.8,29.5,,,,7
13:23E,29,696,,,,,,,,,,,,,,,,,,,,,,,,,,,,,,,,,18.6,19.2,19.7,20.6,20.8,22.7,23.9,26,28.5,30.6,,38,,,,,,11
13:23E,29,696,,,,,,,,,15.39,17.27,18.71,20.64,21.33,,,,,,,,,,,29.6,,,,,,,,,,,,,,,,,,,,,,,,,,6
13:24E,50,1200,,,,,,,,,,,,,,,,,,,,,,,,,,,,,,,,,,,,,,,,21.4,22.5,24.5,,30,26.9,25.2,18.7,16.1,11.5,9
13:25E,30,720,,,,,,,,,,,,,25.1,,,,,,,,,,,28,,,,,,9,10.7,13.3,15.3,,,,,,,,,,,,,,,,,6
13:25E,50,1200,,,,,,,,,,,,,,,,,,,,,,,,,,,,,,,,,,,,,,,,20.6,21.9,22.1,,27.5,27.4,28.5,23.3,21.1,17.5,9
13:26E,14,336,,,,,,,,,20.73,24.48,25.43,25.73,27.53,,,,,,,,,,,,,,,,,,,,,,,,,,,,,,,,,,,,,5
13:26E,50,1200,,,,,,,,,,,,,,,,,,,,,,,,,,,,,,,,,,,,,,,,21.2,,22.6,,28.2,27.7,27.9,20.9,16.8,14.3,8
13:27F,23,552,,,,,,,,,,,,,,,,,,,,,,,,,,,,,,25.5,27.9,28.6,34.4,34.7,32.4,21,19,13,,,,,,,,,,,,9
13:28F,37,888,,,,,,,,,,,,,,,,,,,,,,,,,,,,,,24.8,28.6,27.7,30.4,27.8,29.3,25.2,18.8,12.7,,,,,,,,,,,,9
13:29F,37,888,,,,,,,,,,,,,,,,,,,,,,,,,,,,,,25,27.6,28,33.3,30.5,29,28,15,15.3,,,,,,,,,,,,9
13:30F,37,888,,,,,,,,,,,,,,,,,,,,,,,,,,,,,,25.3,27.6,29.7,32.4,29.6,33.1,26.7,18.3,19.7,,,,,,,,,,,,9
13:31F,37,888,,,,,,,,,,,,,,,,,,,,,,,,,,,,,,24.5,28.9,27.5,31.7,32.5,34,26.1,17.5,14.2,,,,,,,,,,,,9
13:32F,37,888,,,,,,,,,,,,,,,,,,,,,,,,,,,,,,23.7,26.1,27.3,32.7,35.5,34.8,32.3,17.2,18.9,,,,,,,,,,,,9
13:33F,37,888,,,,,,,,,,,,,,,,,,,,,,,,,,,,,,25.4,27.2,27.6,31.6,30.6,33.1,22,14.5,21.7,,,,,,,,,,,,9
15:02A,13,312,,,,,,,,,,,,,,,18,18.1,18.3,18.6,18.6,18,18,18,18.1,18,18.1,18,15.8,15.9,15.8,15.8,15.8,15.8,15.9,16,16,15.9,16,15.9,15.9,16,15.9,18,17.6,18.2,19.8,16.1,16.4,,,33
15:04A,14,336,,,,,,,,,,,,,,,10.3,10,10.2,16.2,15.9,15.2,14.7,14.4,13.8,13.9,13.9,13.9,13.9,14,13.9,13.9,13.9,13.9,15.7,,,,,,,,,,,,,,,,,19
15:04A,2,48,,,,,23.4,24,,,25,,,,,,,,,,,,,,,,,,,,,,,,,,,,,,,,,,,,,,,,,3
15:05A,15,360,,,,,,,,,,,,,,,,,17.8,17.8,17.5,17,17.1,15.1,15.4,16,16.4,15.2,14.3,14.5,14.3,14.3,14.4,14.5,14.4,14.4,14.4,14.4,14,14,13.9,14,13.9,15.9,15.2,15.5,15.2,,,,,29
15:08B,11,264,,,,,,,,,,,,,16.3,,,17,17.3,16.4,15.4,14.9,14.4,14.5,14.4,14.1,14.2,12.8,13.8,13.8,14,13.9,13,12.9,12.8,13,12.8,15.6,,,,,,,,,,,,,,22
15:08B,11,264,,,,,,,,,,,,,,,,,,,,,,,,,,,,,,,,,,,,15.6,15.8,,,,,,,,,,,,,2
15:10B,39,936,,,,,,,,,,,,,,,,,,,,,,,,,,,,,,,,,,,,,,,,,10,14,13.9,14,14.2,12.9,13,13.3,13.8,9
15:11B,41,984,,,,,,,,,,,,,,,,,,,,,,,,,,,,,,,,,,,,,,,,,,,15.7,16,16.2,14.3,14.5,14.5,14.7,7
15:12B,26,624,,,,,,,,,,,,,,,,,,,,,,,,,,,,,15,15,14.7,14.9,14.5,12.9,11.9,11.9,11.8,12,11.8,11.8,12.9,12.8,14,15.4,,,,,,16
15:14B,22,528,,,,,,,,,,,,,,,,,,,,,,,,14.4,14.9,14.2,15.1,15.5,15.4,15.4,15.4,14.4,14,13.8,13.8,13.7,12.9,,12.9,12.8,12.9,15.6,15,,,,,,,19
15:15B,29,696,,,,,,,,,,,,,,,,,,,,,,,,,,,,,,,14.8,14.9,14.8,15,14.9,15,14.8,14.8,14,13.9,13.7,14.5,16.2,16,,,,,,14
20:01A,20,480,,,,,,,,,,,,,,,,,,,,,,14.4,14.5,15,15.6,14.6,15.6,15.8,15.8,15.9,15.5,14.9,13.4,12.9,12.9,13.1,12.9,12.9,13,13,20.2,,,,,,,,,20
20:02B,53,1272,,,,,,,,,,,,,,,,,,,,,,,,,,,,,,,,,,,,,,,,,,13.2,13.6,12.7,13,13.5,12.2,11.7,10.8,8
20:02B,14,336,,,,,,,,,,,,,,,,17,16.9,16,14.9,13.7,12.8,13,12.9,12,12,11.9,11.9,11.8,11.9,11.9,11.9,11.9,13.9,15.8,,,,,,,,,,,,,,,,19
20:03B,23,552,,,,,,,,,,,,,,,,,,,,,,,,14,14.2,13.7,13.8,13.8,13.9,13.9,13.8,14,13.9,13.9,13.8,13.8,12.3,11.9,11.9,11.8,11.8,12.5,14.5,15.7,,,,,,21
20:04B,21,504,,,,,,,,,,,,,,,,,,,,,,,15,15.6,16,15.5,16.3,15.9,15.8,15.8,14.7,13.9,14,13.9,13.9,14,12.5,11.9,11.8,11.8,11.9,12,15.5,14.8,,,,,,22
20:05B,28,672,,,,,,,,,,,,,,,,,,,,,,,,,,,,,,15.8,16,15.9,15.9,15.9,15.8,15.9,15.9,16,14.6,13.8,12.7,12.3,12,11.9,12.8,12,14.9,15.8,16.9,20
20:06B,25,600,,,,,,,,,,,,,,,,,,,,,,,,,,7.5,17.2,17.1,16.8,15.9,16.5,16.2,15.8,15.9,15.9,16,15.8,15.2,14.4,13.5,12.4,13.4,12.5,,12.7,11.9,15.9,15.9,16.7,23
20:07B,25,600,,,,,,,,,,,,,,,,,,,,,,,,,,,,15.8,15.9,15.9,15.9,15.9,15.4,14.9,15.9,14.7,13.9,13.9,13.9,13.9,14,13.7,16,15.1,,,,,,17
20:08G,13,312,,,,,,,,,,,,,,16.5,13.8,8.2,7.8,14.6,13.7,13,12,11.6,11.5,11.6,11.8,11.7,11.7,11.9,11.8,11.8,11.8,12.8,12.9,12.8,12.3,13.66,13.7,,,,,,,,,,,,,24
20:09G,25,600,,,,,,,,,,,,,,,,,,,,,,,,,,,13.6,13.9,13.7,13.9,13.7,13.6,12.7,12.9,12.9,15.9,,,,,,,,,,,,,,10
20:10G,42,1008,,,,,,,,,,,,10,14.9,16.8,14.9,14.8,15.2,14.6,13.5,13.1,12.9,13.2,14.1,14.2,14.8,13.95,15.18,14.8,14.8,14.8,14.9,15,14.5,13.8,13.9,13.9,12.11,11.9,11.8,12,12.4,,,,,,,,,30
20:11G,33,792,,,,,,,,,,,,,,,,,,,,,,,,,,,,,,,,,,,13.7,13.9,12.9,12.9,13,12.8,12.8,12.78,13.5,13.8,14,,,,,11
20:12G,40,960,,,,,,,,,,,,,,,,,,,,,,,,,,,,,,,,,,,,,,,,,,13.11,14.5,13.9,14.4,12.8,13.6,13.7,12.8,8
20:13G,25,600,,,,,,,,,,,,,,,,,,,,,,,,,,,14.3,15,14.8,14.9,14.9,14.7,14.9,14.7,14.6,13.5,12.9,12.8,13,12.8,12.9,12.84,12.7,16,16.2,,,,,19
20:14G,34,816,,,,,,,,,,,,,,,,,,,,,,,,,,,,,,,,,,,,16.2,16.7,16.7,16.8,16.7,17,13.68,13.3,12.8,13.7,12.8,12.6,13.1,13.7,14
20:15G,14,336,,,,,,,,,,,,,,,,11.8,15.2,14.3,14.3,14.1,13.6,13.7,13.8,13.7,13.8,11.25,11.8,11.8,12,11.8,11.9,11.9,11.9,11.9,11.9,16,15.1,,,,,,,,,,,,,22
20:16G,4,96,,,,,,,,,,,,,,,,,,,,,,,,12.8,13,11.1,11.8,11.8,11.8,12,11.9,13.8,11.8,11.9,11.8,16,15,,,,,,,,,,,,,14
23BCCH-REED(BG),52,1248,,18.6,,,,,,,,,,,,,,,,,,14.2,,,,15.1,,,,,,,,,,,,,,,,,,,,,,,15,15.5,,5
23BCCH-REPSG(BG),52,1248,,,,,,,,,,,,,,,,,,,,14.8,,,,,,,,,,,18.3,17.7,,18.1,,,19.8,,,21.2,,16.3,,,16.1,,15.7,,,9
23BCCH-TUPSG(BG),46,1104,,,,,,,,,,,,,,,,,,,,15.2,,,,,,,,,,,19,18.3,,20.1,,,22,,,,,15.4,,,15.1,,13.6,,,8
23BCCH-TURN(BG),46,1104,,,,,,,,,,,,,,,,,,,,15,,,,,,,,,,,18.5,,,18.2,,19.9,,,,20.8,,16.5,,,15.7,,,,,7
23BCGV-FOPSG(BG),40,960,,,,,,,,,,,,,,,,,,,,15.4,,,,,,,,,,,19.8,,,,,,19.2,,,15.2,,,,,,,,,,4
23BCGV-FORR(BG),42,1008,,,,,,,,,,,,,,,,,,,,14.8,,,,,,,,,,,18.7,,,,,,19.2,,,17.4,,,,,,,,,,4
23BCRS-PSGS(BG),51,1224,,,,,,,,,,,,,,,,,,,,,,,,,,,,,,,,,,,,,,,,,,,,,,,21.3,,,1
23BCSB-ABST(BG),41,984,,,,,,,,,,,,,,,,,,,,14.4,,,,,,,,,,,20.2,,,22.2,,,16.8,,,14.9,,,,,,,,,,5
23BCSB-PSGS(BG),40,960,,,,,,,,,,,,,,,,,,,,13.7,,,,,,,,,,,,,,19.9,,,19.3,,,,,,,,,,,,,3
23COPN-HEART,45,1080,,,,,,,,,,,,,,,,,,,,,,,,,,,,,,,,,,,,,,,,,,,,18.1,,,,,,1
23DDCH-WRORG(BG),49,1176,,,,,,,,,,,,,,,,,,,15.5,,,,,,,,,,,,,,,17.6,,,17.8,,,,,,,,,,15.9,,,4
23DDPN-AV10/5ORG(BG),49,1176,,,,,,,,,,,,,,,,,,,15.2,,,,,,,,,,,,,,,,,,,,,,,,,,,,,,,1
23DDPN-AV10/5ORG(BG),49,1176,,,,,,,,,,,,,,,,,,,,,,,,,,,,,,,,,,,17.1,,17.8,,,,,,,,19.1,,,,,3
23DDSB-NORTHORG(BG),0,0,,,,,,,,,,,,,,,,,,,15.2,,,,,,,,,,,,,,,,,,,,,,,,,,,,,,,1
23DDSB-SOUTHORG(BG),46,1104,,,,,,,,,,,,,,,,,,,15,,,,,,,,,,,,,,,,19,,18.5,,,,,,,,,,,,,3
23NZRI-BARKO,38,912,,,,,,,,,,,,,,,,,,,,15,,,,,,,,,,,18.2,,,,,,17,,,,,,,,,,,,,3
23NZSB-LATE,2,48,,,,,14.4,,,,,,,,,,,,,,,,,,,,,,,,,,,,,,,,,,,,,,,,,,,,,1
23NZSB-OFR,48,1152,,,,,,,,,,,,,,,,,,,,,,,,,,,,,,17.5,,,,,,,,,,,,,,,,,,,,1
23SLCH-CRFR(BG),42,1008,,,,,,,,,,,,,,,,,,,,,,,,,,,,,,18,,,,,,,21,,,,,,,,,,,,,2
23SLCH-CRPR(BG),29,696,,,,,,,,,,,,,,,,,,,,,,,,,,,,,,,,,,,,21.4,,,,,,,,,,,,,,1
23SLSB-LGWR(BG),36,864,,,,,,,,,,,,,,,,,,,,,,,,,,,,,,,23.5,,,,,,,,,,,,,,,,,,,1
23THPG-PR(BG),42,1008,,,,,,,,,,,,,,,,,,,,,,,,,,,,,,,,,,,,,,,,,,,,,,,25,,,1
23THRI-PR(BG),4,96,,,,,,,,,,,,,,,,,,,,,,,,,,,,,,,,,,,,,,,,,,,,20.5,,,19.8,,,2
23TWCH-DLH(BG),52,1248,,,,,,,,,,,,,,,,,,,,14.3,,,,,,,,,,,17.4,,,,,,,,,,,,,,,,17.7,,,3
23XWPN-ROSE,2,48,,,,,,,,,,,,,,,,,,,,,,,,,,,,,,,,,,,,,16.2,,,,,,,,23,18,,,,3
30:01A,23,552,,,,,,,,,,,,,,,,,,,,,,,,,,,,,,,,,,,,,,,,,14.7,13.9,13.7,12.6,13.5,12.4,13.2,13.3,17.8,9
30:02A,23,552,,,,,,,,,,,,,,,,,,,,,,,,,,,,,,,,,,,,,16,15.9,16.1,15.3,14,13.2,13,12.2,13.6,12.5,13.1,12.4,20,13
30:03A,3,72,,,,,,,,,,,,,,,,,,,,,,,,,,,,,,,,,,,,,,,,,,,,,16.2,,,,,1
30:03A,31,744,,,,,,,,,,,,,,,,,,,,,,,,,,,,,,,,,12,11.9,11.8,12.1,12.1,11.9,12.2,12.1,12,16.2,15.5,,,,,,,11
30:04A,15,360,,,,,,,,,,,,,,,,,17.5,17.9,16.8,17.3,17.2,15.6,14.8,15.4,15.7,14.9,15.6,14.6.,14.4,14.6,14.4,14.7,14.7,14.7,14.4,13.4,13.1,12.8,13.2,12.9,12.9,13.8,14.3,16.2,16.6,,,,,29
30:05A,22,528,,,,,,,,,,,,,,,,,,,,,,,,15,15.2,14.6,15.8,,15.7,15.4,15.1,15,14.7,13.8,14.2,13.8,12.1,11.9,11.8,11.9,12.9,13.1,12.6,15.3,,,,,,20
30:07A,36,864,,,,,,,,,,,,,,,,,,,,,,,,,,,,,,,,,,,,,,15.1,14.5,12.8,11.9,13.6,12.6,11.8,12.4,12,12.6,15.3,17.4,12
30:08A,21,504,,,,,,,,,,,,,,,,,,,,,,,,,,13.4,14.1,14.1,14,13.8,14.1,13.9,16,11.7,,,,,,,,,,,,,,,,9
30:08A,42,1008,,,,,,,,,,,,,,,,,,,,,,,,,,,,,,,,,,,,,,,,,,,15.9,,,,,,,1
30:10A,40,960,,,,,,,,,,,,,,,,,,,,,,,,,,,,,,,,,,,,,,,,,16.1,,,,,,,,,1
30:11G,14,336,,,,,,,,,,,,,,,,16.3,16.8,16.3,15.3,14.1,13.6,13,12.9,12.7,12.9,11.2,10.8,10.9,10.9,11,10.8,10.8,10.8,11.9,15.9,,,,,,,,,,,,,,,20
30:12G,15,360,,,,,,,,,,,,,,,,,,,,,,,,,,,7.8,7.9,13.9,16,16.4,15,13,12.3,12.5,12.3,12.4,12.8,13.9,,,,,,,,,,,13
30:13G,7,168,,,,,,,,,,,,,,,,,,,,,,,,,,,,,,16,15.9,15.7,15.5,14.8,14,13.3,12.9,,12.8,12.8,13,12.95,12.5,12.6,11.1,12.7,11.3,11.7,15.7,19
30:14G,36,864,,,,,,,,,,,,,,,,,,,,,,,,,,,,,,,,,,,,,,16,16,15.9,16,13.7,11.82,11.7,12.1,11.7,15,14.8,,11
30:15G,38,912,,,,,,,,,,,,,,,,,,,,,,,,,,,,,,,,,,,,,,,,15.4,15.8,16.18,14.1,14,15.3,12.6,13.7,13.8,14.1,10
30:16G,25,600,,,,,,,,,,,,,,,,,,,,,,,,,,14,15,14.6,13.7,13.9,11.9,13.8,13.8,12.6,11.7,11.8,11.7,12,11.8,13.8,14,15.4,,,,,,,,17
30:17G,30,720,,,,,,,,,,,,,,,,,,,,,,,,,,,,,,,,11.3,13.9,9.8,13.8,13.2,12.8,,12.8,12.9,12.9,12.8,15.6,,,,,,,11
30:17G,43,1032,,,,,,,,,,,,,,,,,,,,,,,,,,,,,,,,,,,,,,,,,,,,15.5,,,,,,1
30:19G,24,576,,,,,,,,,,,,,,,,,,,,,,,,,,,14.6,14.7,15,14.9,14.9,15,14.9,15,14.8,13.9,13.5,,12,11.9,11.9,11.9,12,11.9,12,13.9,15.3,16.9,,21
30:20G,24,576,,,,,,,,,,,,,,,,,,,,,,,,,,,14.5,14.9,14.7,14.8,14.9,14.9,14.8,14.9,14.9,13.9,13.5,,12,11.8,12,12,11.9,11.8,12.1,13.8,15.5,17.2,,21
30:21G,32,768,,,,,,,,,,,,,,,,,,,,,,,,,,,,,,,,,,12.7,12.9,12.9,12.8,,12.8,12.9,13,12.9,12.7,15.3,,,,,,10
30:22G,40,960,,,,,,,,,,,,,,,,,,,,,,,,,,,,,,,,,,,,,,,,,15.4,15.33,15.5,15.2,15.3,13.7,13.7,12.7,13.1,9
40:01A,16,384,,,,,,,,,,,,,,,,,,9.8,14.5,13.6,12.9,12,12,12.1,11.8,11.8,12,11.8,11.8,11.9,14.8,11.9,15.4,,,,,,,,,,,,,,,,,16
45:01A,29,696,,,,,,,,,,,,,,,,,,,,,,,,,,,,,,,15.2,14.9,14.7,15.1,14.7,15.1,14.9,15.1,14.1,13.8,14.1,14.2,16,15.5,,,,,,14
45:02G,15,360,,,,,,,,,,,,,,,,,14.4,14.4,14.3,14.3,13.8,13.7,13.9,14.2,14,11.7,10.8,10,10.8,10.8,11,11,10.8,12.8,12.8,17,13.5,13.4,,,,,,,,,,,,22
45:03G,43,1032,,,,,,,,,,,,,,,,,,,,,,,,,,,,,,,,,,,,,,,,,,10.8,13.5,15.5,17.8,,,,,4
45:03G,23,552,,,,,,,,,,,,,,,,,,,,,,,,13.5,11.6,13,13.8,13.2,11.7,11.9,12.9,12.7,11.7,14.2,11.3,12.9,13,14.8,14,15.6,,,,,,,,,,17
45:04G,38,912,,,,,,,,,,,,,,,,,,,,,,,,,,,,,,,,,,,,,,,,17.6,,,,,,,,,,1
45:04G,21,504,,,,,,,,,,,,,,,,,,,,,,,5,13,13,11.9,11.8,12,12,11.9,11.9,11.8,11.9,11.9,11.8,16.9,,,,,,,,,,,,,,14
45:05G,25,600,,,,,,,,,,,,,,,,,,,,,,,,,,,4.8,5.1,5,4.8,13.4,12.8,11.8,11.9,11.8,11.8,11.9,12,11.8,15.9,15.8,,,,,,,,,15
45:06H,17,408,,,,,,,,,,,,,,,,,,,11.7,11.7,11.3,10.7,10.8,10.8,10.9,10.9,10.8,10.9,10.8,11,12,15.4,15.7,,,,,,,,,,,,,,,,,15
45:07H,32,768,,,,,,,,,,,,,,,,,,,,,,,,,,,,,,,,,,,,,11.8,11.8,14.9,14.9,13.6,12.9,12.2,12,12.7,11.8,12.7,14.6,16,13
45:08H,39,936,,,,,,,,,,,,,,,,,,,,,,,,,,,,,,,,12.7,,,,,,,,,,,,,,,,,,1
45:09H,25,600,,,,,,,,,,,,,,,,,,,,,,,,,,,13.5,13.8,13.67,13.8,13.9,13.8,14,14,13.7,13.9,13.9,16,,,,,,,,,,,,12
45:10H,21,504,,,,,,,,,,,,,,,,,,,,,,,14.3,14.3,14.6,14,14.9,14.9,14.9,14.8,15,14.6,14,13.9,12.8,12.9,12.6,12.8,15.9,16,15.8,,,,,,,,,19
45:11H,24,576,,,,,,,,,,,,,,,,,,,,,,,,,,5,14.7,15,14.8,15,14.9,14.9,14.4,13.8,12.7,13,13,12.9,12.9,12.8,15.9,,,,,,,,,16
45:12H,17,408,,,,,,,,,,,,,,,,,,,,6.4,5,12.6,12.4,12.8,12.8,12,12.8,13,12.8,13,12.9,12.8,13,12.8,13,14.5,15.6,,,,,,,,,,,,,18
45:13H,29,696,,,,,,,,,,,,,,,,,,,,,,,,,,,,,,,15.6,15.8,15.9,15.7,15.9,14.9,13.4,12.8,12.8,12.8,12.9,12.9,15.9,15.9,15.8,,,,,15
45:14H,37,888,,,,,,,,,,,,,,,,,,,,,,,,,,,,,,,,,,,,,,,12.9,13,13,12.8,12.97,15.8,15.6,14.7,15.1,,,9
45:15H,26,624,,,,,,,,,,,,,,,,,,,,,,,,,,,,,12.8,13,15.9,15.3,15.1,14.7,14.1,13.6,13,12.5,12.3,12.3,12.4,13.1,11.2,11.4,11.7,11.4,11.6,13,13.1,21
45:16I,34,816,,,,,,,,,,,,,,,,,,,,,,,,,,,,,,,,,,,,15.5,12.7,13.7,12.9,13,12.8,15.5,13,12.9,13,16.4,,,,11
45:17I,44,1056,,,,,,,,,,,,,,,,,,,,,,,,,,,,,,,,,,,,,,,,,,,,,,12.7,12.6,12.9,13.1,4
48:03I,38,912,,,,,,,,,,,,,,,,,,,,,,,,,,,,,,,,,,,,,,,,15.2,15.4,16.6,15.6,15.9,16,14,13.7,12.4,13.1,10
48:04I,33,792,,,,,,,,,,,,,,,,,,,,,,,,,,,,,,,,,,15.13,15.6,15.8,15.6,15,14.4,14.6,14.2,14.5,14.3,13.4,13.1,12.3,12.1,12.3,12.8,16
48:05I,24,576,,,,,,,,,,,,,,,,,,,,,,,,,,14.4,14.8,15,15,14.9,14.9,15,14.9,14.8,14.8,13.8,12.8,12.8,12.8,12.9,12.8,10.7,15.6,,,,,,,18
48:06I,17,408,,,,,,,,,,,,,,,,,,,13.8,13.9,13.6,13.8,13.8,14,,13.9,13.9,13,11.8,11.9,11.9,11.5,11,10.8,10,9.9,9.8,11.8,15.8,13.9,,,,,,,,,,21
48:08I,24,576,,,,,,,,,,,,,,,,,,,,,,,,,14.8,14.6,14.8,15,14.7,14.2,13.2,12.8,12.2,12.8,12.9,12.7,12.8,13,12.9,12.9,12.8,,,,,,,,,17
48:09I,25,600,,,,,,,,,,,,,,,,,,,,,,,,,,,16,16.4,16.2,16.2,15.8,13.8,14,13.8,13.8,13.3,13.3,13.4,13.3,13.5,13.2,12.3,,,,,,,,16
48:10I,21,504,,,,,,,,,,,,,,,,,,,,,,,,,,,,,,12.8,13,12.8,12.6,12.8,13,12.8,14.7,12.6,11.8,12,12.4,10.5,12.7,,,,,,,14
48:11J,22,528,,,,,,,,,,,,,20.15,,,,,,,,,,,,,,,,,,,,,,,,,,,,,,,,,,,,,1
48:12J,31,744,,,,,,,,,,,,,,,,,,,,,,,,,,,,,,,,,15.7,15.5,15.8,15.8,14.8,13.2,12.4,12.4,10.9,,,,,,,,,9
48:14J,16,384,,,,,,,,,,,,,,,,,,16.1,14.7,13.6,13.8,11.8,11.8,11.8,11.8,11.7,11.85,12,12,12,13.8,15.9,15.6,,,,,,,,,,,,,,,,,16
48:16J,18,432,,,,,,,,,,,,,,,,,,,,15.2,14.9,14.7,14.5,14.3,14.4,12.3,12.8,13,11.9,11.9,11.5,,,,,,,,,,,,,,,,,,,12
60:01H,15,360,,,,,,,,,,,,,,,,,,,,,,,,,,,,,,7.1,16.1,15,14.2,13.3,12.9,12.8,12.9,12.9,12.9,13,13,17.9,17.1,,,,,,,14
60:02H,24,576,,,,,,,,,,,,,,,,,,,,,,,,,14.3,13.6,14.6,14.9,15,14.9,14.9,13.4,12.8,12.8,12.9,12.9,12.8,13,12.8,12.8,15.5,,,,,,,,,17
60:03H,18,432,,,,,,,,,,,,,,,,,,,,,,,13.9,14,14,12.3,11.9,11.9,11.9,11.9,12,11.8,11.9,12,11.8,15.1,15.6,,,,,,,,,,,,,15
60:04H,9,216,,,,,,,,,,,,,,,,,7.8,15.4,14.5,13.7,12.9,12.3,11.8,11.9,11.9,11.8,11.8,11.9,11.9,11.9,11.8,12.8,12.9,15.8,,,,,,,,,,,,,,,,18
60:05H,5,120,,,,,,,17,,17.3,14.9,14..9,13.7,13.9,16.4,13.9,13.8,13.7,12.9,12.9,12.9,13,12.9,11.8,11.8,11.5,10.9,10.8,9.9,10,9.9,13.3,15.8,,,,,,,,,,,,,,,,,,25
60:06H,3,72,,,,,15.54,15.7,12.7,,13.3,14.3,14.9,14.9,15,16.4,14.8,14.9,14.8,14.8,13.3,13,12.7,12.2,12.4,12.2,12.3,12,12.5,12.3,12.5,12.3,12.8,,,,,,,,,,,,,,,,,,,26
60:08H,14,336,,,,,,,,,,,,,,,14.2,14.7,14.7,13.9,14,13.9,13.4,13.5,13.4,13.2,13.1,12.3,11.8,11.8,12,12,11.9,11.8,11.5,12,12.2,16.3,,,,,,,,,,,,,,22
60:09I,19,456,,,,,,,,,,,,,,,,,,,,,13.8,14.1,13.6,13.4,13.3,12.8,12.9,12.8,13,12.9,12.9,,,,,,,,,,,,,,,,,,,11
60:11I,49,1176,,,,,,,,,,,,,,,,,,,,,,,,,,,,,,,,,,,,,,,,,,,,,,,,4.9,,1
60:11I,20,480,,,,,,,,,,,,,,,,,,,,,,13,13.3,13.7,13.8,12.1,11.7,12,11.9,11.9,11.8,11.8,12,11.9,17.8,15.9,14.2,14.3,,,,,,,,,,,,17
60:14I,33,792,,,,,,,,,,,,,,,,,,,,,,,,,,,,,,,,,,,14.5,14.7,14.8,13.6,12.9,12.9,13,12.9,12.9,12.9,13.1,15.4,15.2,,,13
60:15I,30,720,,,,,,,,,,,,,,,,,,,,,,,,,,,,,,,14.5,14.7,14.5,14.6,13.8,13,12.8,12.9,12.9,12.8,12.8,12.8,12.8,13,13.3,13,13.5,12.8,12.6,19
60:16I,36,864,,,,,,,,,,,,,,,,,,,,,,,,,,,,,,,,,,,,,,14.9,14.5,12.8,13.2,12.4.,12.8,12.8,13.4,12.7,13.4,12.7,15.3,12
60:17I,33,792,,,,,,,,,,,,,,,,,,,,,,,,,,,,,,,,,,15.04,15.5,15.5,15,13.7,12.9,12.8,12.9,12.9,12.9,13,13.2,12.8,12.3,13,13.2,16
60:18I,36,864,,,,,,,,,,,,,,,,,,,,,,,,,,,,,,,,,,,,,,15.3,14.9,15,14.3,14.9,13.9,13.9,14.1,13.4,13.8,12.8,13,12
63:01J,25,600,,,,,,,,,,,,,,,,,,,,,,,,,,13.4,13.7,14,14,14.2,14,13.9,14.2,12.7,12.2,12.1,,,,,,,,,,,,,,11
63:01J,25,600,,,,,,,,,,,,,,,,,,,,,,,,,,,,,,,,,,,,12,12,12,12.1,14.2,15.3,,,,,,,,,6
63:01J,30,720,,,,,,,,,,,,,,,,,,,,,,,,,,,,,,,,,,,,,,,,,,,,,16.2,,,,,1
63:02J,25,600,,,,,,,,,,,,,,,,,,,,,,,,,,,14,14.1,13.9,13.9,13.9,14.2,14.1,12,12,12.1,12,11.9,11.9,14.4,16,,,,,,,,,15
63:04J,24,576,,,,,,,,,,,,,,,,,,,,,,,,,15.2,14.9,16,15.9,15.9,16,14.7,13,12.5,12.5,12.6,12.3,12.1,21.1,11.8,15.4,15.6,,,,,,,,,17
63:05J,25,600,,,,,,,,,,,,,,,,,,,,,,,,,,,,8,14.1,14.2,13.9,14.1,14.2,12.7,11.8,12.1,11.8,11.9,11.8,12.4,14.1,15.8,,,,,,,,15
63:06J,17,408,,,,,,,,,,,,,,,,,,,,,,,,,,,,,,,,,,,,,,,,12,11.9,12.1,12.4,12.4,14.7,12.6,13,12.3,11.9,10
63:07J,40,960,,,,,,,,,,,,,,,,,,,,,,,,,,,,,,,,,,,,,,,,,15.4,14.7,15,15,15.2,14.5,14,13.2,13,9
63:08J,40,960,,,,,,,,,,,,,,,,,,,,,,,,,,,,,,,,,,,,,,,,,,14.8,15,15.1,15.2,14.9,15,13.2,13,8
90:01H,31,744,,,,,,,,,,,,,,,,,,,,,,,,,,,,,,,,,,,,,,,,,,,,,,14.8,14.5,5,,3
90:01H,31,744,,,,,,,,,,,,,,,,,,,,,,,,,,,,,,,,14.9,14.7,14.7,14.2,13.8,13.8,13.3,12.4,12.3,12.5,12.4,12.4,12.5,12.8,,,,,14
90:02H,25,600,,,,,,,,,,,,,,,,,,,,,,,,,,,14.6,14.9,14.9,14.8,14.9,14.2,14,13.9,12.9,12.5,12.5,12.4,12.4,12.3,16,14.6,,,,,,,,16
90:03H,33,792,,,,,,,,,,,,,,,,,,,,,,,,,,,,,,,,,,,14.2,14.3,14.3,13.2,12.3,12.3,12.5,12.4,12.3,12.3,13.2,12.4,12.3,15.9,,14
90:04H,24,576,,,,,,,,,,,,,,,,,,,,,,,,,14.7,14,14.5,14.7,14.8,14.9,15,14.2,13.8,14,13.8,13.7,12.9,12.9,12.8,12.8,14.9,,,,,,,,,17
92:01J,25,600,,,,,,,,,,,,,,,,,,,,,,,,,,,13.8,13.8,13.8,14,13.9,13.9,14,14,13.5,13.4,,,,,,,,,,,,,,10
92:02J,11,264,,,,,,,,,,,,,15.8,,,15.2,15,14.8,14.7,14.2,14.4,14.4,14.5,14.5,14.2,14.4,13.6,12.5,12.3,12.5,12.8,12.4,12.3,12.6,12.5,12.9,15.9,,,,,,,,,,,,,23
92:03J,18,432,,,,,,,,,,,,,,,,,,,,14,13.8,14.2,14.1,13.9,14.1,14.1,13.9,14.2,13.8,13.3,12.5,12.3,12.7,,,,,,,,,,,,,,,,,14
92:04J,25,600,,,,,,,,,,,,,,,,,,,,,,,,,,14.1,14,14,14.2,14.1,14.1,14,13.9,12.5,11.8,12,12.2,11.8,12.2,12.3,16,16.1,,,,,,,,17
92:05K,20,480,,,,,,,,,,,,,,,,,,,,,,,17,16.8,16.3,15,14.6,12.9,11.5,11.4,11.6,11.3,11.1,10.9,11,11.1,12.1,,,,,,,,,,,,,15
92:09K,18,432,,,,,,,,,,,,,,,,,,,,16.1,16.1,16,15.8,15.6,15.4,15.1,15.1,14.5,14.1,14.1,14,13.7,13.5,13.1,12.5,,,,,,,,,,,,,,,16
92:10K,24,576,,,,,,,,,,,,,,,,,,,,,,,,,,16.9,16.7,16.9,16.1,15.9,15,14.1,13.4,13,12.9,12.7,12.6,12.3,12.6,12.5,12.7,12.3,12.3,12.5,13.4,,,,,20
92:11K,35,840,,,,,,,,,,,,,,,,,,,,,,,,,,,,,,,,,,,,,,,14.4,14.1,13.7,13,12.9,12.8,13.6,12.3,12.5,12.5,12.5,11
92:12K,41,984,,,,,,,,,,,,,,,,,,,,,,,,,,,,,,,,,,,,,,,,,,,13.4,13.4,14.2,12.3,13.2,13.5,12.4,7
92:13K,30,720,,,,,,,,,,,,,,,,,,,,,,,,,,,,,,,,12.6,12.3,12.5,12.5,12.6,12.6,12.5,12.7,12.5,12.5,12.3,12.7,15,15.3,,,,,14
92:14K,36,864,,,,,,,,,,,,,,,,,,,,,,,,,,,,,,,,,,,,,,19.1,17.6,3.9,3.6,11.9,12,12.1,,,,,,7
92:14K,29,696,,,,,,,,,,,,,,,,,,,,,,,,,,,,,,,13.6,13.3,13.1,12.9,12.8,13.1,,,,,,,,,,,,,,6
98:01L,25,600,,,,,,,,,,,,,,,,,,,,,,,,,,,,10,13.8,14,13.9,13.8,12.4,12.1,11.8,11.8,12,11.8,12,12.6,15.8,,,,,,,,,14
98:02L,17,408,,,,,,,,,,,,,,,,,,,,13,12.3,12,11.6,11.8,11.9,11.5,11.6,11.8,11.8,11.8,11.9,11.9,11.8,11.8,11.9,11.9,,,,,,,,,,,,,,17
98:04L,19,456,,,,,,,,,,,,,,,,,,,,,5.1,13.4,13.5,13,13,12.7,12.8,12.7,11.5,11.4,11.5,11.3,11.5,11.4,11.9,13,,,,,,,,,,,,,,16
98:05L,28,672,,,,,,,,,,,,,,,,,,,,,,,,,,,,,,15.9,15.6,14,12.4,11.5,11.5,11.4,12,,,,,,,,,,,,,8
98:06L,4,96,,,,,,,,,,,,,,,,,,,,,,,,,,,,,,,,,,,,,,,12.7,13.7,13.9,13.9,14.8,12.3,15.1,12.5,14.5,12.3,12.3,11
98:08L,25,600,,,,,,,,,,,,,,,,,,,,,,,,,,,,,,11.9,11.9,,,,,,,,,,,,,,,,,,,2
98:09L,30,720,,,,,,,,,,,,,,,,,,,,,,,,,,,,,,,15.9,15.9,14.7,14.4,13.5,12.5,12.5,12.5,12.5,12.3,12.4,12.5,12.4,12.4,13,,,,,15
98:10L,28,672,,,,,,,,,,,,,,,,,,,,,,,,,,,,,,15.9,15.9,14,11.9,10.8,11,11,12,,,,,,,,,,,,,8
120:02M,23,552,,,,,,,,,,,,,,,,,,,,,,,,,13.8,13.3,13.8,14,13.4,13.5,13.3,13.5,12.5,12.4,12.5,,,,,,,,,,,,,,,11
120:02M,36,864,,,,,,,,,,,,,,,,,,,,,,,,,,,,,,,,,,,,,13.9,,,,,,,,,,,,,1
120:04M,20,480,,,,,,,,,,,,,,,,,,,,,,,12.5,12.9,12.8,12.4,12.9,12.8,12.8,12.9,12.9,13,12,12,11.9,12,12.9,,,,,,,,,,,,,15
120:05M,5,120,,,,,,,16.6,,16.8,15.9,16.7,17,16.9,16.7,16.9,15.9,15.9,15.5,16.2,13,12.8,13,12.9,11.9,11.9,10,9,7.9,8,8,13.1,15.9,14.9,,,,,,,,,,,,,,,,,26
120:06M,36,864,,,,,,,,,,,,,,,,,,,,,,,,,,,,,,,,,,,,,9.5,13.9,13.8,13.8,13.9,13.8,12.8,12.8,13.1,12,12,12,12,13
120:07M,50,1200,,,,,,,,,,,,,,,,,,,,,,,,,,,,,,,,,,,,,,,,,,,,,,,13.2,13,13,3
120:07M,20,480,,,,,,,,,,,,,,,,,,,,,,,11.7,11,10.7,12.9,13.3,13.5,12.5,12.4,12.5,12.5,12.4,12.4,12.4,12.4,12.4,12.4,12.4,16,15.7,,,,,,,,,19
120:08M,4,96,,,,,,,,,,,,,,,,,,,,,,,,,,,13.9,13.9,13.9,14,14,13.9,12.3,12.4,12.4,12.4,12.3,12.3,12.4,12.4,12.4,12.5,15.7,,,,,,,17
120:08M,51,1224,,,,,,,,,,,,,,,,,,,,,,,,,,,,,,,,,,,,,,,,,,,,,,,12.5,12.4,12.3,3
120:09M,30,720,,,,,,,,,,,,,,,,,,,,,,,,,,,,,,,,7.9,7.9,12,13.3,13.1,12.3,12.5,12.3,12.5,13.3,12.5,12.4,12.5,12.6,12.4,11.5,14.9,,17
120:10M,33,792,,,,,,,,,,,,,,,,,,,,,,,,,,,,,,,,,,,12.8,13,12.8,13,13,11.9,11.9,12,11.9,12,11.7,11.9,12,14.8,,14
160:01K,16,384,,,,,,,,,,,,,,,,,,11.5,13.4,13.5,13.4,13.7,13.5,13.6,13.8,12.4,12.6,12.5,12.4,12.6,12.6,12.5,12.5,12.6,12.4,12.5,,,,,,,,,,,,,,19
160:02K,18,432,,,,,,,,,,,,,,,,,,,,8.3,9.3,13.5,13.4,12.9,12.8,12.2,12.5,13.1,12.6,12.1,11.9,12.1,12,12.2,11.9.,12.5,14.1,15.9,,,,,,,,,,,,19
160:03K,25,600,,,,,,,,,,,,,,,,,,,,,,,,,,,,,11.6,11.8,13.2,13.3,12.2,11.9,12,12.9,13,14.5,14.3,15.1,15,,,,,,,,,13
160:03K,25,600,,,,,,,,,,,,,,,,,,,,,,,,,,,4.8,,,,,,,,,,,,,,,,,,,,,,,1
160:04K,22,528,,,,,,,,,,,,,,,,,,,,,,,,14.5,14,13,12.9,13.1,12.1,12.1,12.2,12,11.9,12,14.3,,,,,,,,,,,,,,,12
160:04K,43,1032,,,,,,,,,,,,,,,,,,,,,,,,,,,,,,,,,,,,,11.7,11.9,12,12.2,11.9,11.9,12.1,11.9,17.6,,,,,9
160:05L,30,720,,,,,,,,,,,,,,,,,,,,,,,,,,,,,,,,8.2,10.2,11.7,12.1,11.9,12.9,12.6,13.6,12.5,12.5,11.4,12.5,12.6,11.8,12.2,12,12.2,14.9,18
160:06L,32,768,,,,,,,,,,,,,,,,,,,,,,,,,,,,,,,,,,,,,,,,12.7,12.2,12.3,12.7,12.5,13.1,12.3,12.2,13.1,15.2,10
160:07L,38,912,,,,,,,,,,,,,,,,,,,,,,,,,,,,,,,,,,,,,,,,11.2,11.1,9.7,12.6,12.3,14.3,11.4,11.3,11.3,12,10
160:07L,17,408,,,,,,,,,,,,,,,,,,,,15.7,15.7,15,14.9,14.83,14,13.4,13.2,13.5,12.3,12.3,12.4,11.4,11.4,11.9,16.1,,,,,,,,,,,,,,,16
160:08L,30,720,,,,,,,,,,,,,,,,,,,,,,,,,,,,,,,,,,,,,,,,13.2,13.2,9.9,13.1,13.1,13.2,12.8,12.2,11.9,11.9,10
160:08L,18,432,,,,,,,,,,,,,,,,,,,,11.1,14.6,13.7,13.6,13.5,13.4,12.1,12.1,12,11.8,11.8,12.1,12,11.8,12,13.1,,,,,,,,,,,,,,,16
216:08L,36,864,,,,,,,,,,,,,,,,,,,,,,,,,,,,,,,,,,,,,,14.1,14.4,14,13,11.9,11,10.9,11.3,12,13,,,10
AM0105,4,96,,,,,,,,,,,,,,,,,16.2,,,,,,,,,,,,,,,,,,,,,,,,,,,,,,,,,1
BC1496,40,960,,,,,,,,,,,,,16.4,,,,,,,,,,,,,,,,,,,,,,,,,,,,,,,,,,,,,1
BC CUVE 1,46,1104,,,,,,,,,,,,,16.3,,,,16.1,,15.9,16,,,,17.6,,,17.1,,18.8,18.6,19.7,,,19.4,20.8,22.2,23,,21.7,22.6,,15,,14.9,15.2,,,,,18
CO0003,35,840,,,,,,,,,,,,,16.4,,,,16.2,,,,,,,,,,,,,,,,,,,,,,,,,,,,,,,,,2
CO0004,35,840,,,,,,,,,,,,,,,,,,,,,,,,,,,17.9,,,19.3,19.5,,,19.7,18.5,,,,,,,,,,,,,,,5
CO1203,46,1104,,,,,,,,,,,,,16.3,,,,16.2,,15.6,,,,,,,,,,,,,,,,,,,,,,,,,,,,,,,3
CUVE2,36,864,,,,,,,,,,,,,,,,,,,,,,,,,,,,,,,,,,,,,,,22.2,1.6,7.7,23.4,,18.2,16.6,,,,,6
KGCO03,4,96,,,,,,,,,,,,,16.3,,,,16,,15.6,,,,,,,,15.9,,,17.9,16.6,,,16.1,15.1,,,,,,,,,,,,,,,8
KGMV03,46,1104,,,,,,,,,,,,,16.3,,,,,,,,,,,,,,,,,,,,,,,,,,,,,,,,,,,,,1
KGMV05,46,1104,,,,,,,,,,,,,16.5,,,,,,,,,,,,,,,,,,,,,,,,,,,,,,,,,,,,,1
KGMV06,49,1176,,,,,,,,,,,,,,,,,,,,,,,,,,,16.9,,,17.7,16.8,,,16.2,16.1,16.7,16.4,,16.4,16.2,15.9,15.3,,16.2,16.7,,,,,13
KGMV11,42,1008,,,,,,,,,,,,,,,,,,,,,,,,,,,,,,,,,,,,,,,,,,,,,15.9,,,,,1
KGMV12,49,1176,,,,,,,,,,,,,,,,,,,,,,,,,,,16.1,,,17.4,16.5,,,16.2,16,16.8,16.5,,16.7,16.5,16.2,15.2,,15.5,15.9,,,,,13
KGMV13,46,1104,,,,,,,,,,,,,16.2,,,,,,,,,,,,,,,,,,,,,,,,,,,,,,,,,,,,,1
KGMV14,49,1176,,,,,,,,,,,,,,,,,,,,,,,,,,,16.8,,,17.6,16.6,,,16.3,16.2,16.8,16.5,,16.6,16.4,16.1,15.3,,15.6,16.2,,,,,13
KGMV17,4,96,,,,,,,,,,,,,16.4,,,,15.8,,15,,,,,,,,16.4,,,17.6,16.5,,,16.1,16.1,16.8,16.9,,18.1,18.2,17.7,15.1,,,,,,,,14
KGMV18,4,96,,,,,,,,,,,,,16.7,,,,15.9,,15.2,,,,,,,,16.4,,,,16.3,,,16,15.9,16.6,16.5,,17.3,17.4,16.6,13.7,,,,,,,,13
KGMV19,49,1176,,,,,,,,,,,,,,,,,,,,,,,,,,,16.6,,,17.5,16.6,,,16,16.1,16.7,16.5,,16.7,16.6,16.2,15.3,,15.5,15.9,,,,,13
KGMV20,46,1104,,,,,,,,,,,,,16.4,,,,,,,,,,,,,,,,,,,,,,,,,,,,,,,,,,,,,1
KGMV21,41,984,,,,,,,,,,,,,,,,,16,,15.3,,,,,14.9,,,17,,,17.6,16.5,,,16.4,16.3,17.4,17.4,,,15.2,15,13.8,,,,,,,,13
MVFP01,24,576,,,,,,,,,,,,,,,,,,,,,,,,23.6,,,,,,,,,,,,,,,,,,,,,,,,,,1
MVFP05,28,672,,,,,,,,,,,,,,,,,,,,,,,,20,,,24.8,,,,,,,,,,,,,,,,,,,,,,,2
MVFP06,28,672,,,,,,,,,,,,,,,,,,,,,,,,20.5,,,22.6,,,,,,,,,,,,,,,,,,,,,,,2
MVFP07,24,576,,,,,,,,,,,,,,,,,,,,,,,,21,,,,,,,,,,,,,,,,,,,,,,,,,,1
MVFP08,27,648,,,,,,,,,,,,,,,,,,,,,,,,,,,,,,16.8,17.1,15.7,17.9,17.8,20.5,19.8,20,20.1,20.2,20.1,,19.6,,18.4,19.5,17,,,,15
MVFP09,47,1128,,,,,,,,,,,,,,,,,,,,,,,,,,,15.9,,,15.9,15,17.8,14.9,15,15.1,15.1,15.1,15.7,15.6,16.3,,17.3,,23.8,25.3,19.5,14.2,16,,18
NV0423,17,408,,,,,,,,,,,,,,,,,,,14.2,,,,,,,,16.9,,,,,,,,,18.7,,,,,,,,,,,,,,3
NV0624,17,408,,,,,,,,,,,,,,,,,,,14,,,,,,,,,,,,,,,,,19.1,,,,,,,,,,,,,,2
PT02,23,552,,,,,,,,,,,,,,,,,,,,,,,,,,,17.6,,,17.2,,,,,,,,,,,,,,,,,,,,2
PT05,51,1224,,,,,,,,,,,,,,,,,,,,,,,,,,,,,,,,,,,,17,,,,,,,,,,,,,,1
PT07,9,216,,,,,,,,,,,,,,,,,,,,,,,,,,,17.6,,,17.1,,,,,,,,,,,,,,,,,,,,2
PTCO601,35,840,,,,,,,,,,,,,,,,,,,,,,,,,,,16.6,,,17.5,17.2,,,16.7,17.1,17.8,,,,,,,,,,,,,,6
PTCO602,46,1104,,,,,,,,,,,,,16.6,,,,,,15.3,,,,,,,,17.3,,,17.5,16.9,,,17.2,17.2,17.5,,,17.2,17.2,17.7,16.7,,17.8,,,,,,13
Pick Bin 1,24,576,,,,,,,,,,,,,,,,,,,,,,,,23.2,,,,,,,,,,,,,,,,,,,,,,,,,,1
VCBC02,42,1008,,,,,,,,,,,,,16.9,,,,,,,,,,,,,,,,,,,,,,,,,,,,,,,,,,,,,1
VCBC05,52,1248,,,,,,,,,,,,,16.5,,,,,,,,,,,,,,,,,,,,,,,,,,,,,,,,,,,,,1
VCBC05,52,1248,,,,,,,,,,,,,,,,,15.8,,15.1,,,,,15.2,,,16.9,,,17.5,16.8,,,17.3,17.7,18.9,19.6,,18.7,17,15.5,13.5,,14.9,15,,,,,16
VCBC07,34,816,,,,,,,,,,,,,,,,,,,,,,,,,,,,,,,,,,,,,,,16.3,15.8,15.8,15.4,,16,17.3,,,,,6
VCBC08,46,1104,,,,,,,,,,,,,16.9,,,,16,,14.8,,,,,14.7,,,16.7,,,17.3,16.4,,,16.7,16.2,17.4,17.5,,16.9,15.7,15,13.5,,14.8,16.3,,,,,17
VCBC09,52,1248,,,,,,,,,,,,,16.3,,,,16.9,,15.4,,,,,,,,,,,,,,,,,,,,,,,,,,,,,,,3
VCBC09,52,1248,,,,,,,,,,,,,,,,,,,,,,,,,,,16.7,,,17.1,16.5,,,16.1,16,16.6,,,17.3,17.7,17.4,17.1,,15.7,16,,,,,12
VCBC11,23,552,,,,,,,,,,,,,,,,,,,,,,,,14.9,,,16.8,,,17.3,17,,,17,17.4,17.2,,,19.6,18.9,16.7,15,,14.8,15.8,,,,,13
VCDD01,49,1176,,,,,,,,,,,,,,,,,,,,,,,,,,,17,,,17.5,17.1,,,17.6,17.7,18.4,18.5,,18.7,17.5,16.6,15.5,,15.6,16.6,,,,,13
VCSL01,35,840,,,,,,,,,,,,,16.4,,,,16.2,,,,,,,,,,,,,,,,,,,,,,,,,,,,,,,,,2
VCSL05,35,840,,,,,,,,,,,,,16.5,,,,16.2,,,,,,,,,,,,,,,,,,,,,,,,,,,,,,,,,2